customer_id,first_name,last_name,email,gender,city,race,current_customer_status,last_modified_date,created_date
1,Linoel,Bratcher,lbratcher0@diigo.com,Male,Xinminxiang,Hmong,Silver,12-Dec-21,28-May-17
2,Glad,Blasl,gblasl1@alexa.com,Female,Sanyi,Peruvian,Gold,3-Dec-21,27-May-17
3,Leandra,Wrightem,lwrightem2@nba.com,Female,Aurora,Mexican,GOLD,14-Dec-21,19-Jan-17
4,Cynthy,Dalliwatr,cdalliwatr3@deliciousdays.com,Female,Boto,Peruvian,Silver,15-Dec-21,20-Jan-17
5,Shane,Orrill,sorrill4@storify.com,Female,Seidu,Yakama,Gold,14-Dec-21,21-Apr-17
6,Calypso,Sutheran,csutheran5@statcounter.com,Female,Al Mushannaf,Pakistani,Silver,2-Dec-21,14-Jun-17
7,Kelila,Curthoys,kcurthoys6@naver.com,Female,Longgang,Ottawa,Silver,22-Dec-21,8-May-17
8,Brooke,Fallens,bfallens7@epa.gov,Male,Foča,Mexican,SILVER,26-Dec-21,16-Jun-17
9,Edik,Helsdon,ehelsdon8@webnode.com,Male,Xiaozhi,Delaware,Platinum,23-Dec-21,9-May-17
10,Rogerio,Hardway,rhardway9@wikimedia.org,Male,Dayou,Latin American Indian,Silver,14-Dec-21,7-Feb-17
11,Jerrold,Ivanaev,jivanaeva@bloglines.com,Male,Kokhanava,Cherokee,Silver,13-Dec-21,7-Feb-17
12,Odey,Dagwell,odagwellb@163.com,Male,Xiaocun,Black or African American,Silver,26-Dec-21,6-Feb-17
13,Mattie,Linden,mlindenc@phoca.cz,Female,Severo-Zadonsk,Cheyenne,Gold,14-Dec-21,20-Jan-17
14,Torin,Jerosch,tjeroschd@google.com.hk,Male,Seattle,Tongan,Silver,21-Dec-21,31-May-17
15,Lorinda,Rodear,lrodeare@census.gov,Female,Flin Flon,Eskimo,GOLD,4-Dec-21,24-Feb-17
16,Noella,Benley,nbenleyf@typepad.com,Female,Erhe,Laotian,Gold,6-Dec-21,26-Feb-17
17,Onida,Jacques,ojacquesg@bing.com,Female,Phước An,Seminole,Gold,15-Dec-21,20-Apr-17
18,Glynn,Simonazzi,gsimonazzih@ehow.com,Male,La Colorada,Cree,Gold,4-Dec-21,24-Feb-17
19,Carr,Archibould,carchibouldi@addtoany.com,Male,San Francisco,Uruguayan,Platinum,26-Dec-21,8-May-17
20,Sondra,Stickler,ssticklerj@php.net,Female,Almeirim,Guatemalan,Silver,26-Dec-21,3-Apr-17
21,Jamison,Vickarman,jvickarmank@cbsnews.com,Male,Putina,Micronesian,Gold,14-Dec-21,24-Feb-17
22,Lorianna,Harden,lhardenl@nationalgeographic.com,Female,Kwolla,Pakistani,Gold,3-Dec-21,8-May-17
23,Hersch,Stebbings,hstebbingsm@harvard.edu,Male,Oslo,Ecuadorian,Silver,28-Nov-21,22-Apr-17
24,Hillier,Crunkhurn,hcrunkhurnn@e-recht24.de,Male,Kenzhe,Fijian,SILVER,24-Dec-21,25-Feb-17
25,Leilah,Yarrington,lyarringtono@ebay.co.uk,Female,Ho,Pima,Silver,26-Dec-21,8-May-17
26,Deerdre,O' Timony,dotimonyp@newyorker.com,Female,Heihe,Bangladeshi,SILVER,3-Dec-21,14-Mar-17
27,Brooks,Brecknell,bbrecknellq@quantcast.com,Female,Šentvid pri Stični,Choctaw,Silver,13-Dec-21,14-May-17
28,Cahra,Beswell,cbeswellr@xing.com,Female,Ar Rifā‘,Seminole,Silver,13-Dec-21,20-Jan-17
29,Harman,Gue,hgues@usda.gov,Male,Citeureup,Filipino,Silver,14-Dec-21,20-Jan-17
30,Ellynn,Antonich,eantonicht@cnet.com,Female,Sussex,Cherokee,Silver,12-Dec-21,6-Apr-17
31,Arabela,Moorey,amooreyu@gmpg.org,Female,Profítis Ilías,Yuman,Silver,4-Dec-21,15-Mar-17
32,Jeanette,Dikes,jdikesv@businessweek.com,Female,Frankfort,Bangladeshi,Silver,26-Dec-21,7-Feb-17
33,Calypso,Knivett,cknivettw@flavors.me,Female,Boucherville,Micronesian,Gold,24-Dec-21,7-Feb-17
34,Nessa,Kelner,nkelnerx@facebook.com,Female,Chowki Jamali,Salvadoran,Silver,13-Dec-21,19-Jan-17
35,Siobhan,Wand,swandy@histats.com,Bigender,Kuangyuan,Lumbee,Gold,26-Dec-21,1-Jan-17
36,Pincus,Jacqueme,pjacquemez@prlog.org,Male,Safakulevo,Argentinian,Silver,1-Dec-21,9-May-17
37,Burnard,Cauley,bcauley10@harvard.edu,Male,San Antonio,Fijian,Silver,15-Dec-21,3-Apr-17
38,Gwyn,Schapiro,gschapiro11@booking.com,Female,Miliangju,Tohono O'Odham,Silver,14-Dec-21,24-Feb-17
39,Jordanna,Baskerfield,jbaskerfield12@cafepress.com,Female,Bundoc,Puget Sound Salish,Silver,4-Dec-21,9-May-17
40,Benedikt,Smeall,bsmeall13@gov.uk,Male,Zougang,White,Gold,2-Dec-21,2-Apr-17
41,Faulkner,Downham,fdownham14@quantcast.com,Male,Ljubovija,Nicaraguan,Gold,14-Dec-21,3-Jan-17
42,Kip,Formigli,kformigli15@csmonitor.com,Male,La Cruz de Río Grande,Filipino,Gold,3-Dec-21,3-Apr-17
43,Bevan,Velasquez,bvelasquez16@geocities.jp,Male,Geneng,Latin American Indian,Gold,15-Dec-21,15-Jun-17
44,Read,Summerlie,rsummerlie17@bloglines.com,Male,Waiwukak,Nicaraguan,Platinum,29-Nov-21,14-Jun-17
45,Deloris,Naughton,dnaughton18@go.com,Female,Natal,Puget Sound Salish,Gold,4-Dec-21,2-Apr-17
46,Madelaine,Gunning,mgunning19@altervista.org,Female,Jielong,Houma,Silver,2-Dec-21,11-May-17
47,Ario,Reilly,areilly1a@state.gov,Male,Mulhouse,Sri Lankan,Silver,4-Dec-21,4-Apr-17
48,Gale,Fuchs,gfuchs1b@is.gd,Female,Cibugel,Hmong,Gold,25-Dec-21,3-Mar-17
49,Lock,Millhill,lmillhill1c@skype.com,Male,Atiquizaya,White,Gold,2-Dec-21,3-Apr-17
50,Urban,Menghi,umenghi1d@instagram.com,Male,Gludug,Laotian,Gold,13-Dec-21,20-Apr-17
51,Sherman,Burlingame,sburlingame1e@sciencedirect.com,Male,Leeuwarden,Pakistani,Gold,4-Dec-21,20-Apr-17
52,Lewie,Sabben,lsabben1f@opensource.org,Bigender,Muraharjo,Paraguayan,Gold,4-Dec-21,3-Apr-17
53,Augustin,Kershaw,akershaw1g@github.io,Male,Fontenay-sous-Bois,Asian Indian,Gold,2-Dec-21,18-Mar-17
54,Chere,Ruckhard,cruckhard1h@trellian.com,Female,Aiquile,Latin American Indian,Gold,14-Dec-21,28-May-17
55,Bethina,Sansome,bsansome1i@amazon.co.jp,Female,Kadudampit,Laotian,Silver,26-Dec-21,16-Mar-17
56,Trudy,Cobbe,tcobbe1j@answers.com,Female,Tuohua,Lumbee,Silver,12-Dec-21,17-Mar-17
57,Fernande,Beckenham,fbeckenham1k@arizona.edu,Female,Gizałki,Osage,Silver,22-Dec-21,2-Apr-17
58,Keir,Brittin,kbrittin1l@tripod.com,Male,Badovinci,Ottawa,Silver,15-Dec-21,24-Feb-17
59,Sidonnie,McGerr,smcgerr1m@chron.com,Female,Concepcion,Chilean,Silver,13-Dec-21,20-Jan-17
60,Bat,Desseine,bdesseine1n@xinhuanet.com,Male,El Cerrito,Chilean,SILVER,3-Dec-21,16-Mar-17
61,Rusty,Dudek,rdudek1o@4shared.com,Male,Cikawung,Malaysian,Gold,2-Dec-21,22-Apr-17
62,Blanche,Stanlock,bstanlock1p@cnbc.com,Female,Dera Bugti,Fijian,SILVER,24-Dec-21,20-Jan-17
63,Vaughan,O'Sheilds,vosheilds1q@oaic.gov.au,Male,Dhībīn,Comanche,Silver,26-Dec-21,2-Jan-17
64,Loralee,Stinton,lstinton1r@typepad.com,Female,Nagosela,Yaqui,Gold,15-Dec-21,16-Mar-17
65,Aggi,Tchir,atchir1s@xrea.com,Female,Krasnoshchekovo,Dominican (Dominican Republic),Silver,13-Dec-21,6-Feb-17
66,Joelie,Vedenisov,jvedenisov1t@wikipedia.org,Female,Hajoho,Cherokee,Gold,26-Dec-21,2-Apr-17
67,Cedric,Livock,clivock1u@umn.edu,Male,Krajan,Venezuelan,Gold,13-Dec-21,24-Feb-17
68,Brand,Bertome,bbertome1v@jiathis.com,Male,Tobelo,Eskimo,Silver,26-Dec-21,26-May-17
69,Michal,Goulthorp,mgoulthorp1w@yelp.com,Female,Zhanjiang,American Indian,Silver,26-Dec-21,29-May-17
70,Osbourn,Oliphard,ooliphard1x@abc.net.au,Male,Bol,Micronesian,Gold,21-Dec-21,21-Apr-17
71,Millie,Ferrarello,mferrarello1y@vk.com,Female,Belsk Duży,Seminole,Gold,22-Dec-21,20-Apr-17
72,Marji,Mallan,mmallan1z@indiatimes.com,Bigender,Aldeia do Bispo,Cuban,Silver,3-Dec-21,14-Jun-17
73,Fanni,Carbonell,fcarbonell20@fc2.com,Female,Tangga’an,Panamanian,Gold,14-Dec-21,8-May-17
74,Muire,Collens,mcollens21@house.gov,Non-binary,Walakeri,Eskimo,Silver,26-Dec-21,14-Jun-17
75,Otho,Lawlance,olawlance22@exblog.jp,Male,Ban Phaeo,Puget Sound Salish,Silver,14-Dec-21,27-May-17
76,Marigold,Athowe,mathowe23@domainmarket.com,Female,Nikhom Kham Soi,Yaqui,Silver,27-Dec-21,23-Apr-17
77,Tate,Semken,tsemken24@bandcamp.com,Polygender,Waishan,Micronesian,Silver,15-Dec-21,9-May-17
78,Devora,Wagenen,dwagenen25@blogs.com,Female,Minamata,Yakama,Silver,13-Dec-21,20-Jan-17
79,Swen,Chittock,schittock26@seesaa.net,Male,Bjelovar,Samoan,SILVER,2-Dec-21,3-Apr-17
80,Horton,Bielefeld,hbielefeld27@java.com,Genderfluid,Tsalgar,Delaware,Gold,4-Dec-21,15-Jun-17
81,Alyda,Gorse,agorse28@sourceforge.net,Genderqueer,Lazarat,Yaqui,Silver,11-Dec-21,7-Feb-17
82,Karry,Woolacott,kwoolacott29@gizmodo.com,Female,Banjar Kelodan,Central American,Gold,4-Dec-21,15-Jun-17
83,Dan,Mozzini,dmozzini2a@irs.gov,Male,Wajak,Ecuadorian,Gold,24-Dec-21,2-Apr-17
84,Kendall,Checklin,kchecklin2b@godaddy.com,Male,Changjiang,Asian,Gold,14-Dec-21,8-May-17
85,Barnett,Calvie,bcalvie2c@infoseek.co.jp,Male,Mrzezino,Comanche,Gold,30-Dec-21,2-Apr-17
86,Brit,Sealy,bsealy2d@tinyurl.com,Male,Pueblo Nuevo,Eskimo,Silver,4-Dec-21,22-Apr-17
87,Reggie,Woodley,rwoodley2e@topsy.com,Male,Armenta,Tohono O'Odham,SILVER,4-Dec-21,20-Apr-17
88,Maria,Redish,mredish2f@soundcloud.com,Genderqueer,Bojongaren,Native Hawaiian and Other Pacific Islander (NHPI),Silver,15-Dec-21,17-Mar-17
89,Sela,Garr,sgarr2g@woothemes.com,Female,Lautaro,Osage,Gold,15-Dec-21,20-Jan-17
90,Mel,Dunniom,mdunniom2h@ebay.co.uk,Female,Foshan,Uruguayan,Gold,15-Dec-21,9-May-17
91,Eydie,Wildor,ewildor2i@exblog.jp,Bigender,Belém,Samoan,Gold,1-Dec-21,6-Feb-17
92,Maxy,Mylechreest,mmylechreest2j@google.com.br,Female,Dongchong,Bolivian,Gold,4-Dec-21,7-Feb-17
93,Arley,Rainforth,arainforth2k@woothemes.com,Male,Honkajoki,Thai,GOLD,4-Dec-21,9-May-17
94,Winnie,Sandes,wsandes2l@wikipedia.org,Male,Río de Jesús,Chilean,SILVER,26-Dec-21,27-May-17
95,Bearnard,Schimmang,bschimmang2m@slate.com,Genderqueer,Satun,Pueblo,Gold,24-Dec-21,14-Jun-17
96,Rinaldo,Ghidetti,rghidetti2n@msn.com,Male,Sandviken,Eskimo,Silver,14-Dec-21,2-Apr-17
97,Townie,Vela,tvela2o@myspace.com,Male,Jiulong,Guatemalan,Gold,3-Dec-21,3-Apr-17
98,Rey,Arnefield,rarnefield2p@google.co.jp,Male,Trstenik,Panamanian,GOLD,16-Dec-21,21-Apr-17
99,Cirstoforo,Hallowes,challowes2q@telegraph.co.uk,Male,Talavera,Sri Lankan,Gold,2-Dec-21,6-Feb-17
100,Cecilia,Oldroyde,coldroyde2r@google.es,Female,Otradnoye,Puget Sound Salish,Gold,26-Dec-21,9-May-17
101,Merill,Beggan,mbeggan2s@vkontakte.ru,Male,Puteaux,Tongan,Silver,3-Dec-21,9-May-17
102,Keslie,Kunkler,kkunkler2t@symantec.com,Female,Bagadó,Spaniard,GOLD,19-Dec-21,5-Apr-17
103,Cleve,McWhinnie,cmcwhinnie2u@tamu.edu,Male,Forestville,Ute,Silver,14-Dec-21,9-May-17
104,Giraldo,Antowski,gantowski2v@abc.net.au,Male,Olleros,Black or African American,Silver,4-Dec-21,4-Apr-17
105,Carley,Ayshford,cayshford2w@liveinternet.ru,Female,České Meziříčí,Fijian,Silver,2-Dec-21,28-Feb-17
106,Cindra,Morrieson,cmorrieson2x@foxnews.com,Female,München,Puerto Rican,Silver,30-Nov-21,24-Feb-17
107,Louise,MacCrosson,lmaccrosson2y@technorati.com,Female,Medina,Laotian,Silver,24-Dec-21,9-May-17
108,Madalena,Bris,mbris2z@cargocollective.com,Female,Gorelovo,Tongan,GOLD,24-Dec-21,2-Apr-17
109,Beitris,Clelle,bclelle30@paginegialle.it,Female,Longhua,Creek,Gold,15-Dec-21,2-Apr-17
110,Marguerite,Hamlyn,mhamlyn31@constantcontact.com,Genderfluid,Xiachen,Asian,Gold,2-Dec-21,14-Mar-17
111,Lorry,Biagi,lbiagi32@seesaa.net,Female,Minchinābād,Honduran,SILVER,3-Dec-21,19-Jan-17
112,Selig,Lister,slister33@elpais.com,Male,Dalianhe,Chippewa,Silver,11-Dec-21,6-Feb-17
113,Julio,Morrall,jmorrall34@tripod.com,Male,Murmuiža,Nicaraguan,Silver,4-Dec-21,27-May-17
114,Delainey,Joint,djoint35@cpanel.net,Male,Zhaike,Honduran,Gold,15-Dec-21,27-May-17
115,Base,Konrad,bkonrad36@networksolutions.com,Male,Liangshan,Tongan,Silver,3-Dec-21,2-Apr-17
116,Ethel,Kerne,ekerne37@blinklist.com,Female,Pocsi,Eskimo,Gold,16-Dec-21,2-Apr-17
117,Earvin,Placidi,eplacidi38@blogger.com,Male,Daur,Ute,Gold,26-Dec-21,20-Apr-17
118,Myron,Goodlife,mgoodlife39@behance.net,Male,Podu,Apache,Silver,15-Dec-21,23-Jan-17
119,Nichole,Leport,nleport3a@odnoklassniki.ru,Female,Andilamena,Seminole,Silver,26-Dec-21,26-May-17
120,Nicolette,Juszczyk,njuszczyk3b@ovh.net,Female,Nossa Senhora de Machede,Hmong,SILVER,3-Dec-21,2-Apr-17
121,Robinson,Fletham,rfletham3c@acquirethisname.com,Male,Borovo,Micronesian,Silver,3-Dec-21,8-Feb-17
122,William,Chastey,wchastey3d@state.gov,Male,Colos,Micronesian,SILVER,21-Dec-21,24-Feb-17
123,Catherine,Grzegorzewski,cgrzegorzewski3e@guardian.co.uk,Female,Pailou,Sioux,Gold,14-Dec-21,17-Mar-17
124,Worthington,Trail,wtrail3f@cyberchimps.com,Male,Rajhradice,Osage,SILVER,4-Dec-21,27-May-17
125,Marysa,Geroldini,mgeroldini3g@va.gov,Female,Gulai,Potawatomi,GOLD,7-Dec-21,28-May-17
126,Deborah,Dulin,ddulin3h@instagram.com,Female,Gaopu,Iroquois,Gold,10-Dec-21,15-Jun-17
127,Marya,Spurryer,mspurryer3i@upenn.edu,Female,Nawal,Filipino,Silver,26-Dec-21,25-Feb-17
128,Nikolaos,Gilmore,ngilmore3j@dion.ne.jp,Male,Bārkhān,Kiowa,Silver,9-Dec-21,2-Apr-17
129,Dominique,Heningam,dheningam3k@ucsd.edu,Male,Haixing,Osage,Gold,13-Dec-21,20-Jan-17
130,Cassius,Dilliston,cdilliston3l@time.com,Male,Straszydle,Chippewa,Gold,4-Dec-21,5-Jan-17
131,Simone,Hamper,shamper3m@geocities.com,Male,Itaporanga,Paiute,SILVER,4-Dec-21,25-Feb-17
132,Bastien,Bake,bbake3n@addthis.com,Male,Agnibilékrou,Chickasaw,Gold,12-Dec-21,19-Jan-17
133,Jeramie,Hynam,jhynam3o@shareasale.com,Male,Ituiutaba,Mexican,Gold,4-Dec-21,16-Jun-17
134,Tedi,Beagen,tbeagen3p@netvibes.com,Female,Lugovoy,Aleut,Silver,16-Dec-21,4-Apr-17
135,Palmer,McGreal,pmcgreal3q@friendfeed.com,Male,Tayturka,Native Hawaiian,Silver,4-Dec-21,7-Feb-17
136,Tildie,Verner,tverner3r@meetup.com,Female,Licheng,Vietnamese,Silver,24-Dec-21,21-Apr-17
137,Rhodie,Nisbith,rnisbith3s@sogou.com,Female,Borgo Maggiore,Blackfeet,Silver,14-Dec-21,1-Jan-17
138,Kaila,Zucker,kzucker3t@hp.com,Female,Dong Liang’erzhuang,American Indian and Alaska Native (AIAN),Silver,4-Dec-21,15-Jun-17
139,Adolph,Skeermor,askeermor3u@so-net.ne.jp,Male,Mtwango,Shoshone,Silver,3-Dec-21,28-May-17
140,Saxe,Maior,smaior3v@gravatar.com,Male,Apitong,Nicaraguan,Silver,24-Dec-21,26-Feb-17
141,Coretta,Rubke,crubke3w@netvibes.com,Female,Mashan,Thai,GOLD,4-Dec-21,21-Apr-17
142,Bridget,Stebbings,bstebbings3x@dropbox.com,Female,Martaban,Comanche,Platinum,13-Dec-21,8-May-17
143,Giavani,Forsbey,gforsbey3y@stanford.edu,Male,Dolní Černilov,Dominican (Dominican Republic),Gold,14-Dec-21,14-Mar-17
144,Pail,Wheelton,pwheelton3z@usatoday.com,Male,Thymianá,Colville,Silver,15-Dec-21,2-Apr-17
145,Nealson,MacKartan,nmackartan40@usgs.gov,Male,Quebrada de Arena,Tongan,PLATINUM,21-Dec-21,18-Mar-17
146,Brew,Audry,baudry41@ucoz.com,Male,Saint-Pierre-des-Corps,Menominee,Silver,4-Dec-21,5-Jan-17
147,Brent,Livesey,blivesey42@wired.com,Male,Urzuf,Salvadoran,Gold,14-Dec-21,16-Jun-17
148,Robinett,Scraney,rscraney43@barnesandnoble.com,Female,Lusong,Filipino,Gold,4-Dec-21,20-Jan-17
149,Marguerite,Storcke,mstorcke44@go.com,Female,Makabe,Paraguayan,GOLD,4-Dec-21,13-May-17
150,Shermie,Gwinn,sgwinn45@craigslist.org,Bigender,Ołpiny,Central American,Gold,3-Dec-21,9-May-17
151,Callean,Fortye,cfortye46@dailymail.co.uk,Male,Independencia,Paraguayan,GOLD,4-Dec-21,15-Jun-17
152,Lee,Adger,ladger47@gravatar.com,Male,Jiaotang,White,Silver,20-Dec-21,21-Jan-17
153,Lucien,McIlenna,lmcilenna48@state.tx.us,Male,Pisaras,Blackfeet,Gold,4-Dec-21,21-Apr-17
154,Auguste,Wakenshaw,awakenshaw49@printfriendly.com,Female,Glondong,Iroquois,Silver,4-Dec-21,8-May-17
155,Alessandra,Couche,acouche4a@diigo.com,Female,Zheshan,Malaysian,SILVER,14-Dec-21,2-Apr-17
156,Karyl,Rubee,krubee4b@google.co.uk,Female,Malhão,Alaska Native,Gold,4-Dec-21,2-Apr-17
157,Camel,Rosander,crosander4c@gizmodo.com,Female,Zheshart,Paiute,Gold,3-Dec-21,27-May-17
158,Creigh,Cicetti,ccicetti4d@ehow.com,Male,Cawayan,Chinese,Gold,1-Dec-21,15-May-17
159,Torry,Rubinow,trubinow4e@delicious.com,Male,Namasuba,Navajo,Gold,13-Dec-21,6-Feb-17
160,Ophelie,Brame,obrame4f@feedburner.com,Female,Strömsnäsbruk,Cuban,Silver,26-Dec-21,21-Jan-17
161,Lyndsay,Novotne,lnovotne4g@blogger.com,Female,Tokmok,Salvadoran,Gold,15-Dec-21,25-Feb-17
162,Kelsy,Hayfield,khayfield4h@washingtonpost.com,Female,San Francisco,Argentinian,GOLD,12-Dec-21,29-May-17
163,Alie,Geroldo,ageroldo4i@hibu.com,Female,Tayu,Aleut,Gold,26-Dec-21,15-Jun-17
164,Wye,Bunkle,wbunkle4j@hugedomains.com,Male,Cardona,Black or African American,Silver,13-Dec-21,6-Feb-17
165,Cyndi,Barkhouse,cbarkhouse4k@berkeley.edu,Female,Amarete,Peruvian,GOLD,1-Dec-21,20-Apr-17
166,Heidi,Briffett,hbriffett4l@yahoo.co.jp,Female,Créteil,Apache,Gold,26-Dec-21,24-Feb-17
167,Willie,Fley,wfley4m@timesonline.co.uk,Female,Bellavista,Osage,Gold,24-Dec-21,3-Apr-17
168,Anne,Cubberley,acubberley4n@jugem.jp,Female,Klimavichy,Chinese,Silver,13-Dec-21,15-Jun-17
169,Cari,Tutchener,ctutchener4o@themeforest.net,Female,Zdíkov,Chippewa,Silver,26-Dec-21,24-Feb-17
170,Heath,Rabbe,hrabbe4p@meetup.com,Agender,Tovačov,Menominee,Gold,23-Dec-21,28-May-17
171,Giorgi,Orbine,gorbine4q@diigo.com,Male,Falköping,Tohono O'Odham,Silver,3-Dec-21,20-Apr-17
172,Lottie,Ondracek,londracek4r@youku.com,Bigender,Memphis,Colville,Silver,13-Dec-21,15-Jun-17
173,Hayden,Cowie,hcowie4s@tinypic.com,Male,Mishkino,Taiwanese,Gold,18-Dec-21,21-Apr-17
174,Gunther,Bremen,gbremen4t@dot.gov,Male,Bouzov,Spaniard,Gold,15-Dec-21,14-Mar-17
175,Joellen,Kuhnt,jkuhnt4u@microsoft.com,Female,Brooklyn,Bolivian,Silver,4-Dec-21,7-Feb-17
176,Rollo,Orta,rorta4v@eventbrite.com,Male,Talghar,Pima,Silver,24-Dec-21,20-Jan-17
177,Joanna,Arter,jarter4w@howstuffworks.com,Female,Ciudad Nueva,Panamanian,GOLD,24-Dec-21,1-Mar-17
178,Konstantin,Cowperthwaite,kcowperthwaite4x@histats.com,Male,Atakpamé,Sioux,Silver,26-Dec-21,20-Jan-17
179,Nanine,Levecque,nlevecque4y@webeden.co.uk,Female,Congas,Indonesian,Silver,2-Dec-21,19-Jan-17
180,Cammy,Philimore,cphilimore4z@e-recht24.de,Male,Kamālia,Chilean,Silver,24-Dec-21,21-Apr-17
181,Hilly,Billin,hbillin50@squarespace.com,Male,Nowy Staw,Asian,Gold,4-Dec-21,19-Jan-17
182,Rey,Phalip,rphalip51@dmoz.org,Male,Hang Dong,Cambodian,Silver,4-Dec-21,7-Feb-17
183,Vinson,Astlett,vastlett52@addthis.com,Male,Pryyutivka,Cherokee,SILVER,14-Dec-21,3-Jan-17
184,Cornelle,Savoury,csavoury53@shutterfly.com,Female,Wanjia,Native Hawaiian,Silver,12-Dec-21,8-May-17
185,Leann,Nossent,lnossent54@indiatimes.com,Female,Kotadukuh,Micronesian,SILVER,21-Dec-21,21-Jan-17
186,Brenden,Gabriely,bgabriely55@examiner.com,Male,Akron,Panamanian,Gold,4-Dec-21,15-Jun-17
187,Stormi,Standring,sstandring56@vimeo.com,Female,Łęki,Latin American Indian,Silver,2-Dec-21,8-May-17
188,Rolph,Funcheon,rfuncheon57@joomla.org,Male,Miguel Hidalgo,Salvadoran,Gold,15-Dec-21,27-May-17
189,Cathleen,Ilchenko,cilchenko58@wikispaces.com,Female,Umbultanjung,Creek,Silver,10-Dec-21,19-Jan-17
190,Callean,Casoni,ccasoni59@cbsnews.com,Male,Peabiru,Central American,Gold,3-Dec-21,8-Feb-17
191,Saloma,Biskupski,sbiskupski5a@nymag.com,Female,Lospalos,Ecuadorian,SILVER,23-Dec-21,27-May-17
192,Danila,Moakes,dmoakes5b@webs.com,Female,San Luis,Osage,Silver,3-Dec-21,21-Jan-17
193,Brandy,Renny,brenny5c@imgur.com,Male,Saint Louis,Korean,Silver,14-Dec-21,8-May-17
194,Cornelle,Phlippi,cphlippi5d@bing.com,Female,Bantul,Bolivian,Platinum,26-Dec-21,4-Apr-17
195,Junia,Gowlett,jgowlett5e@1und1.de,Female,Jovim,Lumbee,Gold,3-Dec-21,7-Feb-17
196,Casper,Zanicchelli,czanicchelli5f@google.es,Male,Hroznětín,Salvadoran,Gold,4-Dec-21,9-May-17
197,Eleanore,Sheehan,esheehan5g@washington.edu,Female,Ulaan-Ereg,Hmong,Silver,20-Dec-21,22-Apr-17
198,Augy,Agg,aagg5h@opensource.org,Male,Mawu,Indonesian,GOLD,14-Dec-21,6-Feb-17
199,Baryram,Bates,bbates5i@printfriendly.com,Male,Ngembak,Osage,Gold,22-Dec-21,28-May-17
200,Harbert,Crookes,hcrookes5j@nbcnews.com,Agender,Parung,Paraguayan,Gold,25-Dec-21,29-May-17
201,Martelle,Radleigh,mradleigh5k@cnn.com,Female,Anxi,Colville,Silver,22-Dec-21,3-Apr-17
202,Carson,Apthorpe,capthorpe5l@cafepress.com,Male,Daur,Delaware,Platinum,25-Dec-21,6-Feb-17
203,Saw,Robley,srobley5m@pbs.org,Bigender,Oltintopkan,Aleut,Silver,14-Dec-21,15-Mar-17
204,Silvanus,Ramstead,sramstead5n@wired.com,Male,Luruaco,Korean,SILVER,13-Dec-21,3-Apr-17
205,Maurice,Borrett,mborrett5o@usnews.com,Male,Wailiang,Cheyenne,GOLD,27-Dec-21,27-May-17
206,Natalya,Patroni,npatroni5p@blinklist.com,Female,Sintung Timur,Tlingit-Haida,Gold,4-Dec-21,16-Mar-17
207,Boniface,Ratcliffe,bratcliffe5q@joomla.org,Male,Oslo,Chippewa,Silver,2-Dec-21,16-Mar-17
208,Ferrell,Dulin,fdulin5r@dailymail.co.uk,Male,Momil,Ute,Gold,2-Dec-21,25-Feb-17
209,Bertina,Haime,bhaime5s@cmu.edu,Female,Tibro,Ottawa,Gold,1-Dec-21,20-Apr-17
210,Constantin,Thunnercliffe,cthunnercliffe5t@shinystat.com,Male,Dobroměřice,Blackfeet,PLATINUM,15-Dec-21,28-May-17
211,Thomasine,Flanaghan,tflanaghan5u@angelfire.com,Genderfluid,Ar Rudayyif,Pueblo,Gold,2-Dec-21,22-Apr-17
212,Gabbie,Jantzen,gjantzen5v@ucla.edu,Male,Mỹ Xuyên,Puerto Rican,Silver,3-Dec-21,28-May-17
213,Ricca,Duffield,rduffield5w@chron.com,Female,Boychinovtsi,Ute,Gold,21-Dec-21,20-Jan-17
214,Auroora,O' Timony,aotimony5x@bandcamp.com,Female,Vabalninkas,Crow,SILVER,29-Nov-21,27-May-17
215,Layton,Ramalhete,lramalhete5y@spiegel.de,Male,La Cuesta,Guatemalan,SILVER,26-Dec-21,2-Apr-17
216,Griffin,Von Brook,gvonbrook5z@cdc.gov,Male,Portobelo,Choctaw,Gold,30-Nov-21,20-Jan-17
217,Tildie,Poff,tpoff60@slideshare.net,Non-binary,Jagodnjak,Uruguayan,Silver,3-Dec-21,10-Apr-17
218,Carolynn,Bartlomiejczyk,cbartlomiejczyk61@umn.edu,Bigender,Xishiqiao,Pakistani,GOLD,3-Dec-21,7-Feb-17
219,Siegfried,Kindall,skindall62@github.com,Male,São Paio Merelim,Lumbee,Gold,2-Dec-21,23-Apr-17
220,Gerda,Dodswell,gdodswell63@bravesites.com,Agender,Esperanza,Pima,Silver,2-Dec-21,9-May-17
221,Angelo,Kemish,akemish64@ed.gov,Male,Rustāq,Chilean,Silver,30-Nov-21,15-Mar-17
222,Hilario,Andor,handor65@marketwatch.com,Male,Kajuru,Hmong,SILVER,27-Dec-21,22-Apr-17
223,Ernaline,Vynehall,evynehall66@blogs.com,Female,São Bento,Shoshone,Silver,9-Dec-21,25-Feb-17
224,Nicko,Trevon,ntrevon67@w3.org,Male,Geser,Menominee,GOLD,3-Dec-21,8-May-17
225,Herman,Tortoise,htortoise68@timesonline.co.uk,Male,Pinghu,Cheyenne,GOLD,2-Dec-21,2-Apr-17
226,Kenon,McKinie,kmckinie69@google.fr,Male,Batabanó,Chamorro,Gold,15-Dec-21,23-Jan-17
227,Ianthe,Spores,ispores6a@slate.com,Female,Stockholm,Native Hawaiian,Silver,3-Dec-21,2-Apr-17
228,Odetta,Dwerryhouse,odwerryhouse6b@g.co,Female,Bielawy,Chilean,Gold,24-Dec-21,27-May-17
229,Danie,McPhaden,dmcphaden6c@google.com.br,Male,Strängnäs,Alaska Native,Gold,14-Dec-21,8-May-17
230,Sayre,Gatteridge,sgatteridge6d@usda.gov,Male,Bacelo,Navajo,Gold,26-Dec-21,20-Jan-17
231,Maisey,Jossum,mjossum6e@archive.org,Female,Santa Valha,Latin American Indian,Gold,14-Dec-21,10-May-17
232,Jayson,Barnson,jbarnson6f@cdbaby.com,Male,Xiaoyan,Vietnamese,Gold,22-Dec-21,19-Jan-17
233,Winfield,Poulglais,wpoulglais6g@opera.com,Male,Krzyżanowice,Laotian,Silver,13-Dec-21,26-Feb-17
234,Katee,Millichap,kmillichap6h@opera.com,Female,Punta Hermosa,Paiute,SILVER,26-Dec-21,18-Jun-17
235,Henri,Parradye,hparradye6i@biglobe.ne.jp,Male,Yashao,Venezuelan,Silver,2-Dec-21,27-May-17
236,Frankie,St. Queintain,fstqueintain6j@house.gov,Genderfluid,Berlin,Comanche,SILVER,26-Dec-21,6-Feb-17
237,Phedra,Humpherson,phumpherson6k@sogou.com,Female,Pojan,Native Hawaiian and Other Pacific Islander (NHPI),Gold,15-Dec-21,6-Feb-17
238,Laureen,Gratten,lgratten6l@ibm.com,Female,Machinda,Shoshone,Silver,24-Dec-21,27-May-17
239,Dianne,Colley,dcolley6m@behance.net,Female,Kostyantynivka,Chippewa,Gold,2-Dec-21,2-Apr-17
240,Bernardina,De Dei,bdedei6n@mlb.com,Genderfluid,Luofang,White,SILVER,14-Dec-21,26-Feb-17
241,Morgen,Gable,mgable6o@de.vu,Female,Bayan Gol,Apache,SILVER,21-Dec-21,6-Feb-17
242,Dulcie,Fontaine,dfontaine6p@spiegel.de,Female,Patrocínio,Kiowa,Silver,24-Dec-21,7-Feb-17
243,Edythe,D'eath,edeath6q@sourceforge.net,Female,Yuguan,Menominee,Gold,11-Dec-21,9-May-17
244,Olympia,Oke,ooke6r@wiley.com,Female,Zhentian,Native Hawaiian,Gold,4-Dec-21,28-May-17
245,Brooke,Pulfer,bpulfer6s@booking.com,Female,Xichang,Houma,Silver,15-Dec-21,2-Jan-17
246,Jeno,Fadell,jfadell6t@icio.us,Male,Oksa,Yaqui,Gold,4-Dec-21,24-Feb-17
247,Shepard,Easlea,seaslea6u@naver.com,Male,Uwajima,Creek,Silver,16-Dec-21,26-Feb-17
248,Toddie,Vlasin,tvlasin6v@hp.com,Male,Suzdal’,Navajo,Gold,23-Dec-21,20-Jan-17
249,Irina,Ruckman,iruckman6w@diigo.com,Female,Sokhumi,Ottawa,Gold,12-Dec-21,27-May-17
250,Oriana,Kegley,okegley6x@icq.com,Female,Ancahuasi,Tongan,Silver,15-Dec-21,27-May-17
251,Annabella,Beevis,abeevis6y@tuttocitta.it,Female,Bangbayang,Tongan,Gold,11-Dec-21,2-Apr-17
252,Gonzalo,Maceur,gmaceur6z@typepad.com,Male,Maoya,Colville,Silver,15-Dec-21,2-Apr-17
253,Adaline,Smitheman,asmitheman70@wikipedia.org,Female,Varnávas,Yaqui,Gold,26-Dec-21,27-May-17
254,Zeb,Lendrem,zlendrem71@blogger.com,Male,Coari,Paraguayan,Gold,14-Dec-21,15-May-17
255,Avictor,Alvares,aalvares72@jimdo.com,Male,Kalampáka,Comanche,Gold,3-Dec-21,19-Mar-17
256,Morie,Laxson,mlaxson73@fotki.com,Male,Carhuamayo,Chamorro,Gold,1-Dec-21,9-May-17
257,Tabb,Gauld,tgauld74@telegraph.co.uk,Agender,Miguel Hidalgo,Iroquois,Silver,27-Dec-21,20-Jun-17
258,Ford,Heasman,fheasman75@blogger.com,Male,Sucre,Houma,Gold,4-Dec-21,21-Apr-17
259,Charmion,Murrum,cmurrum76@twitpic.com,Female,Langkapcaang Hilir,Paraguayan,Silver,23-Dec-21,7-Feb-17
260,Dag,Tomlinson,dtomlinson77@admin.ch,Male,Kendayakan,Chamorro,Gold,20-Dec-21,24-Apr-17
261,Claribel,Marshland,cmarshland78@dedecms.com,Female,Taiping,Polynesian,Gold,26-Dec-21,27-May-17
262,Otto,Quernel,oquernel79@shinystat.com,Male,Tsimkavichy,Spaniard,Silver,4-Dec-21,8-Feb-17
263,Sarine,Teague,steague7a@wix.com,Female,Campos Belos,Guamanian,SILVER,4-Dec-21,6-Feb-17
264,Nonah,Mainwaring,nmainwaring7b@princeton.edu,Female,Santiago de las Vegas,Native Hawaiian and Other Pacific Islander (NHPI),Silver,1-Dec-21,19-Jan-17
265,Duky,Pattenden,dpattenden7c@mysql.com,Male,Xialaba,Vietnamese,Silver,3-Dec-21,24-Feb-17
266,Addy,Chalder,achalder7d@360.cn,Genderfluid,Bangangté,Guamanian,SILVER,13-Dec-21,14-Jun-17
267,Haily,Matityahu,hmatityahu7e@skyrock.com,Female,Töysä,Creek,SILVER,14-Dec-21,2-Apr-17
268,Sergeant,Gallico,sgallico7f@eventbrite.com,Male,Paterson,Tohono O'Odham,PLATINUM,12-Dec-21,27-May-17
269,Solly,Bransgrove,sbransgrove7g@howstuffworks.com,Male,Santa Rosa,Malaysian,Platinum,4-Dec-21,25-Feb-17
270,Paulie,Kinze,pkinze7h@surveymonkey.com,Female,Walichnowy,Tlingit-Haida,Gold,15-Dec-21,12-May-17
271,Far,La Batie,flabatie7i@upenn.edu,Male,Pappadátes,Melanesian,Gold,26-Dec-21,6-Feb-17
272,Drusi,Espinas,despinas7j@who.int,Female,Arroyo Naranjo,Asian Indian,Silver,30-Nov-21,3-Jan-17
273,Chad,Edgler,cedgler7k@storify.com,Male,Uva,Eskimo,Gold,26-Dec-21,9-Feb-17
274,Layla,Kingswood,lkingswood7l@jugem.jp,Female,Dzhebariki-Khaya,Tohono O'Odham,Gold,6-Dec-21,24-Apr-17
275,Sydel,Dagleas,sdagleas7m@hubpages.com,Female,Chumpi,Paraguayan,Silver,22-Dec-21,27-May-17
276,Casie,Traill,ctraill7n@umn.edu,Female,Huage,Aleut,Gold,26-Dec-21,8-Feb-17
277,Kennie,Trevains,ktrevains7o@forbes.com,Male,Pendolo,Apache,Gold,15-Dec-21,16-Mar-17
278,Averill,Cornfoot,acornfoot7p@tinyurl.com,Male,Waihi,Aleut,Silver,21-Dec-21,19-Jan-17
279,Katey,Di Bartolommeo,kdibartolommeo7q@unc.edu,Female,Kaeng Khoi,Menominee,Silver,4-Dec-21,8-May-17
280,Ezequiel,Allone,eallone7r@washingtonpost.com,Male,Maymana,Malaysian,Gold,10-Dec-21,7-Feb-17
281,Mitchell,Puve,mpuve7s@pen.io,Male,Sugcad,American Indian and Alaska Native (AIAN),Gold,30-Nov-21,25-Feb-17
282,Arch,Lockwood,alockwood7t@feedburner.com,Male,Miskolc,Puerto Rican,Gold,4-Dec-21,19-Jan-17
283,Ardelle,Rudgerd,arudgerd7u@qq.com,Female,Gyeongsan-si,Menominee,Gold,15-Dec-21,24-Feb-17
284,Ethelin,Botten,ebotten7v@samsung.com,Female,Chujiang,South American,Silver,10-Dec-21,26-Feb-17
285,Gabriello,Corben,gcorben7w@netlog.com,Male,Sungai Iyu,Kiowa,Silver,30-Nov-21,24-Apr-17
286,Donall,Torres,dtorres7x@altervista.org,Genderfluid,Kuliyapitiya,Nicaraguan,Gold,3-Dec-21,15-Jun-17
287,Garwin,Bohey,gbohey7y@joomla.org,Male,Yeri,Guatemalan,SILVER,14-Dec-21,12-May-17
288,Mead,Abells,mabells7z@blogtalkradio.com,Male,Enniskerry,American Indian,Silver,3-Dec-21,24-Apr-17
289,Michal,Cordobes,mcordobes80@mlb.com,Female,Yueshan,Eskimo,Gold,15-Dec-21,8-May-17
290,Tiena,Belvin,tbelvin81@icq.com,Female,Shuanghekou,Tohono O'Odham,Silver,4-Dec-21,3-Apr-17
291,Daryl,Powlett,dpowlett82@state.tx.us,Female,Sviadnov,Choctaw,Silver,27-Dec-21,2-Jan-17
292,Jordan,O'Cooney,jocooney83@adobe.com,Male,Ritchie,Dominican (Dominican Republic),Gold,14-Dec-21,14-Jun-17
293,Adham,Vonderdell,avonderdell84@state.tx.us,Male,Kitwe,Lumbee,Silver,24-Dec-21,15-Jun-17
294,Briana,Goodlud,bgoodlud85@patch.com,Female,Elbasan,Puerto Rican,Gold,4-Dec-21,2-Apr-17
295,Heath,Cosford,hcosford86@ask.com,Genderfluid,Whitchurch,Hmong,SILVER,2-Dec-21,23-Jan-17
296,Tracey,Dwane,tdwane87@ihg.com,Male,Velventós,Eskimo,Silver,23-Dec-21,19-Jan-17
297,Emilia,January 1st,ejanuaryst88@qq.com,Female,Domalanoan,Salvadoran,Silver,13-Dec-21,20-Apr-17
298,Lari,Shadrack,lshadrack89@columbia.edu,Genderqueer,Xiangshan,Houma,SILVER,4-Dec-21,24-Apr-17
299,Cinda,Wadworth,cwadworth8a@domainmarket.com,Female,Saguiaran,Thai,Gold,26-Dec-21,3-Apr-17
300,Jeana,Clamo,jclamo8b@arizona.edu,Bigender,Mintang,Salvadoran,Gold,4-Dec-21,12-May-17
301,Mace,Fierro,mfierro8c@telegraph.co.uk,Male,Ore,Japanese,Gold,15-Dec-21,28-May-17
302,Vassily,Giraudo,vgiraudo8d@sciencedirect.com,Male,Suwaru,Potawatomi,Gold,15-Dec-21,15-Mar-17
303,Philip,Harlock,pharlock8e@geocities.jp,Male,Safotu,Paraguayan,Silver,4-Dec-21,2-Apr-17
304,Winston,Vidineev,wvidineev8f@msn.com,Male,Połomia,Native Hawaiian and Other Pacific Islander (NHPI),Gold,14-Dec-21,25-Feb-17
305,Raymund,Rozanski,rrozanski8g@cam.ac.uk,Male,Urungpigang,Honduran,Gold,3-Dec-21,26-Feb-17
306,Christian,Le Fevre,clefevre8h@biblegateway.com,Female,Čeladná,Creek,Silver,1-Dec-21,20-Jan-17
307,Rikki,Surgener,rsurgener8i@xinhuanet.com,Male,Washington,Yuman,Gold,3-Dec-21,24-Apr-17
308,Jewel,Hairon,jhairon8j@ycombinator.com,Female,Hexi,Chinese,Gold,12-Dec-21,22-Apr-17
309,Garnet,Alkins,galkins8k@msu.edu,Female,Burgeo,Salvadoran,Silver,9-Dec-21,8-May-17
310,Sella,Aires,saires8l@sciencedirect.com,Female,Baishi,Apache,Gold,13-Dec-21,19-Jan-17
311,Beatrisa,Marguerite,bmarguerite8m@psu.edu,Female,Shiliting,Ute,Silver,14-Dec-21,25-Feb-17
312,Goldia,McCallum,gmccallum8n@pinterest.com,Female,Gandusari,Kiowa,Gold,24-Dec-21,6-Feb-17
313,Erinna,Yakovich,eyakovich8o@flavors.me,Female,Almaguer North,Delaware,Platinum,15-Dec-21,9-May-17
314,Marsiella,Godfrey,mgodfrey8p@vinaora.com,Female,Semikarakorsk,Blackfeet,Gold,27-Dec-21,29-May-17
315,Verney,Belk,vbelk8q@ehow.com,Male,Shchukino,Alaska Native,Silver,21-Dec-21,3-Apr-17
316,Anatollo,Stedell,astedell8r@instagram.com,Male,Rey,Hmong,GOLD,15-Dec-21,2-Apr-17
317,Florinda,Etherson,fetherson8s@weebly.com,Female,Al Majd,Chippewa,Silver,4-Dec-21,19-Jan-17
318,Morris,Cust,mcust8t@hexun.com,Male,Hotonj,Fijian,Silver,26-Dec-21,25-Feb-17
319,Konrad,Denning,kdenning8u@cnbc.com,Male,Aveleda,Eskimo,Silver,24-Dec-21,3-Apr-17
320,Alonso,Wandrach,awandrach8v@google.co.uk,Male,Paldit,Guatemalan,Gold,26-Dec-21,2-Jun-17
321,Catina,Laird-Craig,clairdcraig8w@jiathis.com,Female,Lago dos Rodrigues,Central American,Silver,3-Dec-21,19-Jun-17
322,Queenie,Benduhn,qbenduhn8x@multiply.com,Female,Albert Town,Taiwanese,Gold,4-Dec-21,24-Feb-17
323,Alfy,Ettridge,aettridge8y@dropbox.com,Male,Dongxin,Peruvian,Gold,3-Dec-21,4-Apr-17
324,Archibaldo,McKniely,amckniely8z@washington.edu,Male,Dalianhe,Costa Rican,Gold,3-Dec-21,14-Mar-17
325,Sharl,Trustey,strustey90@taobao.com,Genderfluid,Conchopata,Lumbee,GOLD,2-Dec-21,21-Jan-17
326,Sharia,Begley,sbegley91@paypal.com,Bigender,Shiziling,Lumbee,Gold,4-Dec-21,25-Feb-17
327,Brenn,Sessions,bsessions92@nyu.edu,Female,Ungca,Vietnamese,Silver,26-Dec-21,16-Jun-17
328,Joellen,Bettesworth,jbettesworth93@narod.ru,Female,Limbi,Aleut,Silver,4-Dec-21,29-May-17
329,Stephannie,Corro,scorro94@blogs.com,Female,Jiling,Taiwanese,Gold,14-Dec-21,8-May-17
330,Roarke,Klaggeman,rklaggeman95@dion.ne.jp,Male,Fort Smith,Samoan,Silver,12-Dec-21,15-Jun-17
331,Alon,Greeno,agreeno96@globo.com,Male,Kawage,Chamorro,Silver,13-Dec-21,28-Feb-17
332,Virge,Roylance,vroylance97@wikia.com,Male,Campo Alegre,Indonesian,SILVER,26-Dec-21,22-Apr-17
333,Darwin,Rowet,drowet98@columbia.edu,Male,Dongzhang,Alaska Native,Silver,14-Dec-21,15-Jun-17
334,Adda,Lowery,alowery99@utexas.edu,Agender,Baisha,Tlingit-Haida,Silver,16-Dec-21,22-Apr-17
335,Chris,Bentzen,cbentzen9a@go.com,Male,Gjinkar,Cambodian,Gold,12-Dec-21,18-Mar-17
336,Hammad,Darlison,hdarlison9b@bloomberg.com,Male,Vagonoremont,Alaskan Athabascan,Silver,13-Dec-21,7-Feb-17
337,Cammy,Segrave,csegrave9c@slashdot.org,Polygender,Don Mueang,Cuban,Gold,29-Nov-21,11-May-17
338,Ricardo,Dahlman,rdahlman9d@indiatimes.com,Male,Ngora,Chippewa,Gold,13-Dec-21,24-Feb-17
339,Brigid,Todman,btodman9e@loc.gov,Female,Kunri,Panamanian,SILVER,11-Dec-21,15-Mar-17
340,Finley,Coan,fcoan9f@oaic.gov.au,Male,Pérama,Chippewa,Silver,24-Dec-21,3-Apr-17
341,Stinky,Presdie,spresdie9g@vimeo.com,Male,Shencang,Potawatomi,Silver,15-Dec-21,24-Feb-17
342,Kyla,Davydzenko,kdavydzenko9h@house.gov,Genderqueer,Novogornyy,Houma,Gold,3-Dec-21,14-Jun-17
343,Patton,Pressdee,ppressdee9i@xing.com,Male,Baini,Native Hawaiian and Other Pacific Islander (NHPI),Silver,11-Dec-21,3-Apr-17
344,Gannon,Klempke,gklempke9j@last.fm,Male,Sarandi,Cherokee,Silver,26-Dec-21,4-Apr-17
345,Say,Bridie,sbridie9k@google.ru,Male,Kota Bharu,Cherokee,Silver,26-Dec-21,25-Feb-17
346,Kelsey,Rushmer,krushmer9l@twitpic.com,Male,Huancheng,Blackfeet,Gold,13-Dec-21,7-Feb-17
347,Tobie,Murch,tmurch9m@nba.com,Male,São Bento,Crow,Gold,4-Dec-21,12-May-17
348,Conan,Ottey,cottey9n@usnews.com,Male,Zarzis,Paraguayan,Silver,7-Dec-21,21-Apr-17
349,Othelia,Maceur,omaceur9o@slideshare.net,Female,North Little Rock,Laotian,SILVER,16-Dec-21,16-Jun-17
350,Archer,Barizeret,abarizeret9p@japanpost.jp,Male,Santa Rita,Seminole,GOLD,26-Dec-21,21-Jan-17
351,Brigg,Inmett,binmett9q@yolasite.com,Male,Lindavista,Dominican (Dominican Republic),GOLD,20-Dec-21,8-May-17
352,Ferdinand,Cockayne,fcockayne9r@tinyurl.com,Male,Kryvyy Rih,Filipino,GOLD,9-Nov-21,15-Jun-17
353,Maurice,Sturgess,msturgess9s@baidu.com,Male,Petřvald,Navajo,Gold,2-Dec-21,25-Feb-17
354,Yovonnda,Skeats,yskeats9t@squidoo.com,Female,Zhaoxian,Asian Indian,Silver,2-Dec-21,22-Apr-17
355,Cordula,Catterson,ccatterson9u@ocn.ne.jp,Female,Xiaohe,Filipino,Silver,11-Dec-21,8-May-17
356,Jaquelin,Bartelet,jbartelet9v@who.int,Genderqueer,Kuryłówka,Spaniard,Silver,4-Dec-21,9-May-17
357,Emmalee,Dilliway,edilliway9w@oakley.com,Female,Cupira,Comanche,Gold,2-Dec-21,16-Mar-17
358,Lucian,Ogilvy,logilvy9x@twitpic.com,Bigender,Caen,American Indian and Alaska Native (AIAN),Silver,15-Dec-21,28-May-17
359,Paige,Womersley,pwomersley9y@bluehost.com,Male,Yutan,Eskimo,Silver,7-Dec-21,2-Jan-17
360,Errol,Behnen,ebehnen9z@about.me,Male,Kanaya,Indonesian,GOLD,1-Dec-21,3-Apr-17
361,Jasen,Shilton,jshiltona0@sitemeter.com,Male,Lautoka,Taiwanese,GOLD,15-Dec-21,28-May-17
362,Ingram,Grainge,igraingea1@freewebs.com,Male,Kovářská,Nicaraguan,GOLD,26-Dec-21,9-May-17
363,Garreth,Beilby,gbeilbya2@nydailynews.com,Male,Los Juríes,Ecuadorian,Gold,14-Dec-21,20-Jan-17
364,Cynthia,Blackden,cblackdena3@wix.com,Genderqueer,Jarry,Yaqui,Gold,27-Dec-21,26-Feb-17
365,Kaitlin,Speariett,kspearietta4@privacy.gov.au,Female,Ncue,Tlingit-Haida,Silver,22-Dec-21,24-Feb-17
366,Brandon,Valsler,bvalslera5@eventbrite.com,Genderfluid,Dongjiao,Chippewa,GOLD,7-Dec-21,20-Jan-17
367,Cirillo,Tunnick,ctunnicka6@sogou.com,Male,Leština,Shoshone,Silver,13-Dec-21,22-Apr-17
368,Lisa,Engley,lengleya7@businessinsider.com,Female,Cizhu,Native Hawaiian,Gold,30-Nov-21,8-May-17
369,Cahra,Stapylton,cstapyltona8@wikipedia.org,Female,Bayan Uula Sumu,Cambodian,Silver,4-Dec-21,24-Feb-17
370,Delly,Pauwel,dpauwela9@trellian.com,Female,Oslo,Argentinian,Silver,24-Dec-21,21-Apr-17
371,Mannie,Horsey,mhorseyaa@samsung.com,Male,Reims,Paraguayan,Gold,15-Dec-21,7-Feb-17
372,Marina,Hubble,mhubbleab@ezinearticles.com,Female,Boden,Menominee,Silver,26-Dec-21,11-May-17
373,Richmound,Wellsman,rwellsmanac@vinaora.com,Male,Koanara,Filipino,Silver,2-Dec-21,24-Apr-17
374,Luciana,Morefield,lmorefieldad@about.com,Female,Sonsorol Village,Chippewa,Gold,4-Dec-21,27-May-17
375,Korney,Rouby,kroubyae@army.mil,Female,Vitez,American Indian and Alaska Native (AIAN),Silver,3-Dec-21,9-Feb-17
376,Maren,Conkey,mconkeyaf@google.co.uk,Female,Pakis,Alaska Native,Silver,1-Dec-21,15-Jun-17
377,Creigh,Ratnege,cratnegeag@microsoft.com,Male,Pakisaji,Japanese,Silver,2-Dec-21,25-Feb-17
378,Caryl,Philcock,cphilcockah@nytimes.com,Male,Atães,Navajo,Gold,4-Dec-21,22-Apr-17
379,Broderick,Cearley,bcearleyai@cafepress.com,Male,Itajubá,Indonesian,Silver,22-Dec-21,19-Jan-17
380,Nadiya,McGorley,nmcgorleyaj@mlb.com,Female,Karanggeneng,Ottawa,Gold,23-Dec-21,15-Jun-17
381,Almira,Gullberg,agullbergak@oaic.gov.au,Female,Kedunglo,Iroquois,SILVER,1-Dec-21,9-May-17
382,Erick,Marjoribanks,emarjoribanksal@seattletimes.com,Male,Pelem,Houma,Gold,20-Dec-21,27-May-17
383,Emile,Bloomfield,ebloomfieldam@live.com,Male,Palampal,Native Hawaiian and Other Pacific Islander (NHPI),Gold,9-Dec-21,15-Jun-17
384,Rickie,Loftie,rloftiean@symantec.com,Male,Promyshlennaya,American Indian and Alaska Native (AIAN),Silver,27-Dec-21,3-Apr-17
385,Faith,Schubert,fschubertao@blog.com,Female,Dežanovac,Costa Rican,SILVER,1-Dec-21,5-Jan-17
386,Dalis,Landman,dlandmanap@elegantthemes.com,Male,Bayt ‘Anān,Latin American Indian,Silver,10-Dec-21,27-May-17
387,Moore,Traves,mtravesaq@devhub.com,Male,Darovskoy,Thai,Gold,4-Dec-21,9-May-17
388,Nessy,Jertz,njertzar@technorati.com,Female,Chemal,Alaskan Athabascan,SILVER,3-Dec-21,4-Apr-17
389,Deina,Syphas,dsyphasas@webeden.co.uk,Female,Cibeureum,Sioux,Silver,13-Dec-21,27-Feb-17
390,Hendrik,Ray,hrayat@mail.ru,Polygender,Kramators’k,Fijian,Silver,26-Dec-21,16-Mar-17
391,Judy,Ickowicz,jickowiczau@patch.com,Female,Yili,Latin American Indian,GOLD,11-Dec-21,19-Jan-17
392,Andrew,Dunan,adunanav@wp.com,Male,Asunción Mita,Vietnamese,SILVER,11-Dec-21,9-May-17
393,Eliza,Bean,ebeanaw@unblog.fr,Female,Iralaya,Paiute,Silver,4-Dec-21,3-Jan-17
394,Blinny,Castiglio,bcastiglioax@amazon.co.jp,Female,Gaotan,Chickasaw,Gold,4-Dec-21,9-May-17
395,Dale,Champe,dchampeay@soundcloud.com,Female,Liurenba,Sri Lankan,Silver,24-Dec-21,23-Apr-17
396,Deva,Rapley,drapleyaz@marriott.com,Female,Cordova,Chickasaw,Silver,4-Dec-21,3-Jun-17
397,Scarlet,Birchill,sbirchillb0@twitpic.com,Female,Pergamos,Guamanian,Platinum,2-Dec-21,15-Jun-17
398,Ken,Nieass,knieassb1@webmd.com,Agender,Hudong,Thai,Silver,14-Dec-21,19-Jan-17
399,Bobina,Goulborn,bgoulbornb2@live.com,Female,Bulqizë,Asian,GOLD,30-Nov-21,9-May-17
400,Valeda,Clayborn,vclaybornb3@columbia.edu,Female,Shouchang,Spaniard,Silver,30-Nov-21,15-Mar-17
401,Lindie,Thickins,lthickinsb4@hibu.com,Non-binary,Siewierz,Pima,SILVER,23-Dec-21,25-Feb-17
402,Lenee,Kyncl,lkynclb5@webmd.com,Female,Salt Lake City,Pakistani,Silver,13-Dec-21,24-Feb-17
403,Lauren,Welbelove,lwelbeloveb6@usa.gov,Female,Amargosa,Colombian,Gold,14-Dec-21,2-Apr-17
404,Hubie,Klulisek,hklulisekb7@oaic.gov.au,Male,Nakusp,Creek,Silver,4-Dec-21,27-May-17
405,Pepe,Pesak,ppesakb8@naver.com,Male,Lesuhe,South American,GOLD,15-Dec-21,26-Feb-17
406,Pollyanna,Palke,ppalkeb9@slideshare.net,Female,Vila Viçosa,Melanesian,Silver,2-Dec-21,14-Jun-17
407,Merwin,Fraschini,mfraschiniba@wikia.com,Male,Melaka,Iroquois,SILVER,13-Dec-21,2-Apr-17
408,Chrysa,Champagne,cchampagnebb@networksolutions.com,Female,Kairouan,Shoshone,Silver,27-Dec-21,15-Jun-17
409,Letty,Lace,llacebc@ebay.co.uk,Bigender,Tambangan,Melanesian,Silver,4-Dec-21,16-Mar-17
410,Benoite,Buntine,bbuntinebd@engadget.com,Female,Muarabadak,Ecuadorian,Silver,26-Dec-21,14-Jun-17
411,Deeyn,Danneil,ddanneilbe@arstechnica.com,Female,Bcharré,Native Hawaiian,Silver,26-Dec-21,25-Apr-17
412,Teresina,Ruit,truitbf@blog.com,Agender,Zhushan,Pima,SILVER,2-Dec-21,21-Jan-17
413,Nike,Riccione,nriccionebg@bloomberg.com,Genderfluid,Morelos,Tlingit-Haida,Gold,14-Dec-21,26-Feb-17
414,Vicki,Oxbrow,voxbrowbh@simplemachines.org,Female,Icononzo,Cheyenne,SILVER,21-Dec-21,2-Apr-17
415,Emmy,Safell,esafellbi@wikipedia.org,Female,Pekijing,Chamorro,Silver,14-Dec-21,17-Mar-17
416,Devinne,De Hailes,ddehailesbj@ezinearticles.com,Genderqueer,Momignies,Salvadoran,GOLD,3-Dec-21,3-Apr-17
417,Port,Domican,pdomicanbk@auda.org.au,Male,Cavadas,Honduran,Gold,4-Dec-21,6-Feb-17
418,Roseline,O'Sheeryne,rosheerynebl@woothemes.com,Female,Bardiyā,Samoan,Silver,2-Dec-21,25-Feb-17
419,Trudi,Sharples,tsharplesbm@taobao.com,Female,Venta,Colville,Silver,30-Nov-21,15-Jun-17
420,Luis,Lisle,llislebn@nih.gov,Male,Mococa,Creek,Gold,10-Dec-21,27-May-17
421,Jocelyn,Leacock,jleacockbo@themeforest.net,Female,Savalou,Japanese,Gold,30-Nov-21,20-Jan-17
422,Corrinne,Dobson,cdobsonbp@fema.gov,Genderqueer,Mayenne,Seminole,GOLD,14-Dec-21,3-Apr-17
423,Hortensia,Jacklin,hjacklinbq@photobucket.com,Female,Lyubar,Comanche,Silver,4-Dec-21,9-May-17
424,Yule,Fawdrie,yfawdriebr@de.vu,Male,Jianli,Peruvian,Gold,11-Dec-21,20-Jan-17
425,Miguel,Dametti,mdamettibs@wsj.com,Male,Bamusso,Blackfeet,Gold,16-Dec-21,20-Jan-17
426,Rochella,McNellis,rmcnellisbt@umn.edu,Female,Uherský Ostroh,Paraguayan,Gold,15-Dec-21,29-May-17
427,Tucky,Arnould,tarnouldbu@4shared.com,Male,Lyon,Micronesian,Silver,13-Dec-21,20-Apr-17
428,Goldarina,Duggan,gdugganbv@biblegateway.com,Female,Morrinhos,Iroquois,GOLD,27-Dec-21,2-Apr-17
429,Della,Instock,dinstockbw@hao123.com,Genderfluid,Wako,Native Hawaiian and Other Pacific Islander (NHPI),Silver,3-Dec-21,9-May-17
430,Bernadette,Wainscoat,bwainscoatbx@weebly.com,Female,Tunguang,Guamanian,SILVER,14-Dec-21,20-Apr-17
431,Reinwald,Brithman,rbrithmanby@geocities.jp,Male,Pierreville,Alaska Native,Gold,13-Dec-21,15-Mar-17
432,Shurlocke,Letixier,sletixierbz@nhs.uk,Male,Jataí,Pakistani,SILVER,27-Dec-21,19-Jan-17
433,Ernesto,O'Scannill,eoscannillc0@webeden.co.uk,Male,Belyye Berega,Filipino,PLATINUM,14-Dec-21,3-Apr-17
434,Barrie,Segges,bseggesc1@4shared.com,Female,Temuco,Chippewa,Silver,14-Dec-21,13-May-17
435,Jourdan,Tinto,jtintoc2@jigsy.com,Female,High Prairie,Chilean,GOLD,24-Dec-21,20-Jan-17
436,Merell,Suatt,msuattc3@xrea.com,Male,Woerden,Apache,Gold,12-Dec-21,28-May-17
437,Livy,Olivas,lolivasc4@ox.ac.uk,Female,Gulao,Yaqui,Silver,6-Dec-21,9-May-17
438,Moira,Stoite,mstoitec5@xrea.com,Female,Kariaí,American Indian,Gold,13-Dec-21,26-Feb-17
439,Barbi,Riedel,briedelc6@hatena.ne.jp,Female,Ārt Khwājah,Argentinian,SILVER,13-Dec-21,3-Apr-17
440,Dolph,Jarmaine,djarmainec7@springer.com,Male,Faqqū‘ah,Black or African American,Silver,14-Dec-21,24-Feb-17
441,Angelita,Bleaden,ableadenc8@loc.gov,Female,Amboasary,Lumbee,Silver,13-Dec-21,27-May-17
442,Malissia,Swatman,mswatmanc9@shareasale.com,Female,Mazha,Osage,SILVER,13-Dec-21,9-Feb-17
443,Gerty,Bathow,gbathowca@latimes.com,Female,Ust’-Katav,Cree,Silver,2-Dec-21,16-Mar-17
444,Moyna,Pimblotte,mpimblottecb@cbslocal.com,Female,San Juan,Peruvian,Gold,3-Dec-21,21-Apr-17
445,Kata,Bartocci,kbartoccicc@aboutads.info,Female,Su-ngai Kolok,Japanese,SILVER,11-Dec-21,3-Jan-17
446,Berthe,Strutz,bstrutzcd@nps.gov,Female,Mollebamba,Blackfeet,Silver,24-Dec-21,25-Feb-17
447,Josephine,Francecione,jfrancecionece@nydailynews.com,Female,Dongyuan,Navajo,Gold,16-Dec-21,14-Mar-17
448,Luigi,Fookes,lfookescf@theglobeandmail.com,Male,Shardara,Aleut,SILVER,25-Dec-21,14-Mar-17
449,Gale,Figgs,gfiggscg@simplemachines.org,Male,Cerro Corá,Tlingit-Haida,Gold,29-Dec-21,3-Apr-17
450,Enrika,Serrell,eserrellch@hhs.gov,Female,El Limón,Costa Rican,Silver,14-Dec-21,20-Apr-17
451,Fabio,Casemore,fcasemoreci@ovh.net,Male,Iberia,Melanesian,Silver,1-Dec-21,15-Mar-17
452,Alexandrina,Kitchinham,akitchinhamcj@gnu.org,Genderqueer,Huangcun,Bolivian,Silver,15-Dec-21,24-Feb-17
453,Brocky,Guiness,bguinessck@cafepress.com,Male,Budapest,Black or African American,Gold,15-Dec-21,11-May-17
454,Channa,Partleton,cpartletoncl@blogs.com,Female,Providencia,Choctaw,Gold,14-Dec-21,20-Jan-17
455,Cornie,Cowpe,ccowpecm@mayoclinic.com,Female,Anthoúsa,American Indian,Silver,13-Dec-21,3-Apr-17
456,Marcela,Piggot,mpiggotcn@delicious.com,Female,Palpalá,Kiowa,Gold,4-Dec-21,21-Apr-17
457,Jillie,Drinkel,jdrinkelco@canalblog.com,Genderfluid,Göteborg,Cheyenne,Platinum,3-Dec-21,9-May-17
458,Sylvester,Burgise,sburgisecp@europa.eu,Male,Riosucio,Costa Rican,GOLD,3-Dec-21,4-Apr-17
459,Evvie,Knyvett,eknyvettcq@wisc.edu,Female,Binubusan,Paraguayan,Gold,22-Dec-21,19-Jan-17
460,Katinka,Corris,kcorriscr@toplist.cz,Genderfluid,Kekeran,Chilean,Silver,16-Dec-21,24-Feb-17
461,Keen,Letts,klettscs@noaa.gov,Male,Podporozh’ye,Bangladeshi,SILVER,24-Dec-21,6-Feb-17
462,Antonetta,Bellas,abellasct@tamu.edu,Female,Naekan,Colville,Silver,4-Dec-21,19-Jan-17
463,Brion,Jahncke,bjahnckecu@slideshare.net,Male,Jiabei,Apache,SILVER,2-Dec-21,6-Feb-17
464,Joey,Pyne,jpynecv@msu.edu,Male,Luján,Tohono O'Odham,Silver,29-Nov-21,21-Jan-17
465,Laura,Drioli,ldriolicw@goo.gl,Female,Harnoli,Colombian,SILVER,23-Dec-21,14-Mar-17
466,Evan,Rickerd,erickerdcx@zdnet.com,Male,Pingwang,Guatemalan,Gold,26-Dec-21,6-Feb-17
467,Forster,Portchmouth,fportchmouthcy@furl.net,Male,Fukuroi,Bolivian,Gold,30-Nov-21,27-May-17
468,Bud,Oxbe,boxbecz@wikimedia.org,Male,Beausejour,Yuman,Silver,26-Dec-21,21-Apr-17
469,Dorise,Gosswell,dgosswelld0@msu.edu,Female,Norberg,Salvadoran,Gold,3-Dec-21,2-Apr-17
470,Tamera,Cunnington,tcunningtond1@indiatimes.com,Female,Sukamaju,Colombian,Gold,13-Dec-21,14-Jun-17
471,Arney,Wallen,awallend2@gravatar.com,Male,Algarvia,Venezuelan,Silver,6-Dec-21,21-Apr-17
472,Shellysheldon,Twells,stwellsd3@uol.com.br,Male,Ungca,Tongan,GOLD,12-Dec-21,9-May-17
473,Mala,Como,mcomod4@histats.com,Female,Thionville,Central American,Silver,27-Dec-21,8-May-17
474,Jennica,Marwood,jmarwoodd5@irs.gov,Female,San Julian,Mexican,GOLD,17-Dec-21,20-Jan-17
475,Drona,Faichney,dfaichneyd6@vk.com,Female,Bárrio,Native Hawaiian,Silver,13-Dec-21,27-May-17
476,Harwell,Ebbett,hebbettd7@home.pl,Male,Sosnowiec,Micronesian,Silver,12-Dec-21,6-Feb-17
477,Mikael,McLice,mmcliced8@tamu.edu,Male,Cookshire-Eaton,Native Hawaiian and Other Pacific Islander (NHPI),Gold,24-Dec-21,15-Jun-17
478,Rowe,Pallister,rpallisterd9@ning.com,Female,Soritor,South American,Gold,4-Dec-21,21-Apr-17
479,Ozzy,Childes,ochildesda@un.org,Male,Ängelholm,Chilean,Gold,4-Dec-21,16-Mar-17
480,Creight,Capewell,ccapewelldb@phpbb.com,Male,Grytviken,Creek,Silver,30-Nov-21,22-Apr-17
481,Patten,Inseal,pinsealdc@simplemachines.org,Male,Duru,Shoshone,Gold,29-Nov-21,24-Feb-17
482,Elia,Willbond,ewillbonddd@businesswire.com,Male,Toguchin,Eskimo,Gold,20-Dec-21,10-Feb-17
483,Zilvia,Igo,zigode@discovery.com,Non-binary,Caçador,Cherokee,GOLD,3-Dec-21,28-May-17
484,Eddie,Peniman,epenimandf@wufoo.com,Male,Zmiennica,Panamanian,Silver,29-Nov-21,20-Apr-17
485,Ludovika,Tomlin,ltomlindg@altervista.org,Female,Xikou,Samoan,Gold,13-Dec-21,2-Jan-17
486,Terrel,Branche,tbranchedh@comsenz.com,Male,Tekeli,White,Gold,30-Nov-21,21-Apr-17
487,Thaddeus,Ivanchikov,tivanchikovdi@latimes.com,Male,Kutapanjang,Cambodian,Silver,24-Dec-21,16-Mar-17
488,Erhart,Gook,egookdj@oakley.com,Male,Boca do Acre,Nicaraguan,Gold,4-Dec-21,7-Feb-17
489,Alvy,Boissier,aboissierdk@joomla.org,Male,Sancha,Hmong,SILVER,21-Dec-21,22-Apr-17
490,Wendy,Norcock,wnorcockdl@elegantthemes.com,Female,Göteborg,Puget Sound Salish,Gold,26-Dec-21,28-May-17
491,Sammy,Gossage,sgossagedm@technorati.com,Non-binary,Aguadas,Chilean,Silver,10-Dec-21,15-Mar-17
492,Fallon,Persey,fperseydn@discuz.net,Female,Chalon-sur-Saône,Melanesian,Gold,26-Dec-21,14-Jun-17
493,Briny,Dranfield,bdranfielddo@bravesites.com,Female,Krasnyy Gulyay,Asian Indian,Silver,14-Dec-21,15-Jun-17
494,Ilaire,Chatel,ichateldp@mozilla.com,Male,Perpignan,Lumbee,SILVER,27-Dec-21,22-Apr-17
495,Serge,Gidney,sgidneydq@auda.org.au,Male,Batou,Asian,Silver,24-Dec-21,2-Apr-17
496,Gus,Brelsford,gbrelsforddr@toplist.cz,Female,Dajanrurung,Shoshone,Gold,14-Dec-21,25-Feb-17
497,Geraldine,Gillice,ggilliceds@ustream.tv,Female,Longzui,Salvadoran,Silver,11-Dec-21,27-May-17
498,Livvie,Perham,lperhamdt@webnode.com,Female,Kubachi,Lumbee,Gold,13-Dec-21,28-May-17
499,Ruttger,Honeyghan,rhoneyghandu@fda.gov,Male,San Marcos,Creek,Silver,26-Dec-21,9-May-17
500,Gennifer,Clery,gclerydv@a8.net,Female,Ruma,Laotian,Silver,14-Dec-21,21-Apr-17
501,Ximenez,Klaffs,xklaffsdw@cbc.ca,Male,Songkar B,Creek,GOLD,26-Dec-21,20-Apr-17
502,Brantley,McQuilty,bmcquiltydx@newyorker.com,Male,Guantang,Puget Sound Salish,Gold,26-Dec-21,2-Jan-17
503,Clim,Formby,cformbydy@fastcompany.com,Male,Alexandria,Chinese,Platinum,3-Dec-21,2-Apr-17
504,Cammi,Marchetti,cmarchettidz@reverbnation.com,Non-binary,Sohbatpur,Chamorro,Gold,26-Dec-21,26-May-17
505,Brigitta,Dionsetto,bdionsettoe0@cnet.com,Bigender,Ust’-Uda,Tlingit-Haida,Platinum,15-Dec-21,27-May-17
506,Casandra,MacTerrelly,cmacterrellye1@infoseek.co.jp,Female,Pacajus,Latin American Indian,Silver,12-Dec-21,2-Apr-17
507,Keenan,Chawner,kchawnere2@a8.net,Male,Mpophomeni,Ottawa,Silver,24-Dec-21,3-Apr-17
508,Pedro,Russel,prussele3@youtu.be,Male,La Falda,Sri Lankan,Silver,14-Dec-21,3-Apr-17
509,Remington,Titterell,rtitterelle4@answers.com,Genderfluid,Zavoronezhskoye,Paraguayan,SILVER,14-Dec-21,16-Jun-17
510,Konstantine,Jewks,kjewkse5@arstechnica.com,Male,Xinji,Guamanian,Silver,1-Dec-21,23-Apr-17
511,Hymie,Fairbeard,hfairbearde6@mtv.com,Male,Osby,Cherokee,Silver,15-Dec-21,20-Jan-17
512,Fabian,Orteu,forteue7@list-manage.com,Male,San Isidro,Cherokee,GOLD,21-Dec-21,1-Jun-17
513,Myrlene,Dadge,mdadgee8@mit.edu,Female,Rokycany,Puerto Rican,GOLD,14-Dec-21,24-Feb-17
514,Gregg,Grumble,ggrumblee9@oaic.gov.au,Male,Gò Dầu,Indonesian,Gold,30-Nov-21,15-Jun-17
515,Darby,Grinston,dgrinstonea@macromedia.com,Female,Miyata,Fijian,GOLD,15-Dec-21,24-Apr-17
516,Madison,Varnam,mvarnameb@wsj.com,Male,Islamey,Yaqui,Gold,2-Dec-21,2-Apr-17
517,Heda,Fanning,hfanningec@tamu.edu,Female,Touho,Guamanian,Silver,12-Dec-21,17-Jun-17
518,Antoine,Mulvany,amulvanyed@reuters.com,Male,Maharagama,Alaska Native,Gold,28-Nov-21,27-May-17
519,Haskell,Dutnell,hdutnellee@google.nl,Male,Margamukti,Cherokee,GOLD,13-Dec-21,16-Mar-17
520,Danyelle,Arlow,darlowef@linkedin.com,Female,Touba,Apache,Silver,12-Dec-21,27-Feb-17
521,Oswald,Mabey,omabeyeg@ovh.net,Male,Łęki Szlacheckie,Cheyenne,Silver,30-Nov-21,4-Apr-17
522,Kirby,Lodford,klodfordeh@list-manage.com,Polygender,Yueyahe,Menominee,Silver,26-Dec-21,6-Feb-17
523,Bambi,Gregson,bgregsonei@yale.edu,Female,Morales,Chilean,Gold,4-Dec-21,2-Apr-17
524,Kylila,Batstone,kbatstoneej@nsw.gov.au,Female,Nāḩiyat as Sab‘ Biyār,Yaqui,Gold,14-Dec-21,19-Jan-17
525,Fowler,Tirte,ftirteek@hao123.com,Male,Tais,Taiwanese,Gold,14-Dec-21,2-Jan-17
526,Vernon,Redholes,vredholesel@ustream.tv,Male,Hamberang Sabrang,Thai,Silver,3-Dec-21,6-Feb-17
527,Clea,Charlesworth,ccharlesworthem@netvibes.com,Female,Tumcon Ilawod,American Indian,Silver,13-Dec-21,27-May-17
528,Davey,Pennings,dpenningsen@cafepress.com,Male,Padangpanjang,Asian,Gold,24-Dec-21,16-Jun-17
529,Caroljean,Dradey,cdradeyeo@unblog.fr,Female,Temorlorong,White,Silver,26-Dec-21,29-May-17
530,Malcolm,O' Liddy,moliddyep@irs.gov,Male,Ladysmith,Venezuelan,Gold,24-Dec-21,22-Apr-17
531,Madonna,Knoller,mknollereq@msn.com,Female,Enjitsu,Argentinian,Silver,1-Dec-21,26-Feb-17
532,Hanson,Swindlehurst,hswindlehurster@jimdo.com,Male,Bharatpur,Pima,Gold,13-Dec-21,27-May-17
533,Gwyn,Boone,gboonees@businesswire.com,Female,Tengah,Peruvian,Gold,26-Dec-21,24-Feb-17
534,Jillayne,Ledeker,jledekeret@elegantthemes.com,Female,Prusice,Taiwanese,Gold,26-Dec-21,20-Jan-17
535,Cordell,Rodliff,crodliffeu@cafepress.com,Male,Grand Bois,Chamorro,SILVER,14-Dec-21,9-Feb-17
536,Sandra,Dillicate,sdillicateev@admin.ch,Female,Dama,Alaskan Athabascan,Silver,11-Dec-21,3-Apr-17
537,Willa,Jannasch,wjannaschew@shop-pro.jp,Female,Saint-Tite,Puerto Rican,Silver,2-Dec-21,15-Jun-17
538,Kelby,Barrus,kbarrusex@wsj.com,Male,Campo Quijano,Nicaraguan,Silver,24-Dec-21,20-Jan-17
539,Sorcha,Peeter,speeterey@quantcast.com,Female,Oslo,Potawatomi,Silver,1-Dec-21,22-Apr-17
540,Matthias,Devonport,mdevonportez@blinklist.com,Male,Jenesano,Colombian,Gold,4-Dec-21,6-Feb-17
541,Ange,Furber,afurberf0@sogou.com,Male,Shypyntsi,Kiowa,Gold,26-Dec-21,20-Apr-17
542,Sherman,Durrington,sdurringtonf1@ifeng.com,Male,Bambari,American Indian and Alaska Native (AIAN),Silver,3-Dec-21,20-Jan-17
543,Hope,Hagyard,hhagyardf2@angelfire.com,Female,Colonia Aurora,Cambodian,Silver,26-Dec-21,25-Apr-17
544,Skipp,Mollin,smollinf3@acquirethisname.com,Male,Loreto,Bolivian,Gold,11-Dec-21,3-Apr-17
545,Carrissa,Whetland,cwhetlandf4@icio.us,Female,Vredendal,Micronesian,Silver,27-Dec-21,27-May-17
546,Meaghan,Lapidus,mlapidusf5@eepurl.com,Female,Nasavrky,Indonesian,SILVER,26-Dec-21,15-Mar-17
547,Meryl,Rucklesse,mrucklessef6@craigslist.org,Male,Trubchevsk,Malaysian,Silver,17-Dec-21,27-May-17
548,Goraud,Kenewell,gkenewellf7@wikipedia.org,Male,Mbumi,Asian,SILVER,4-Dec-21,9-May-17
549,Olivier,Bradock,obradockf8@blogspot.com,Male,Bukovany,American Indian,GOLD,28-Nov-21,27-May-17
550,Noelyn,Curley,ncurleyf9@pinterest.com,Female,Saint Petersburg,Aleut,Gold,14-Dec-21,2-Apr-17
551,Errol,Cozby,ecozbyfa@hubpages.com,Male,Las Cruces,Crow,Gold,15-Dec-21,2-Jan-17
552,Ofella,Durdle,odurdlefb@cdc.gov,Female,Luoqi,Alaskan Athabascan,Silver,4-Dec-21,16-Jun-17
553,Ivie,Walkington,iwalkingtonfc@rediff.com,Female,Topol’noye,Dominican (Dominican Republic),GOLD,24-Dec-21,20-Apr-17
554,Tobie,Houseman,thousemanfd@dailymotion.com,Male,Brovary,Guamanian,Gold,2-Dec-21,14-Mar-17
555,Perren,Aked,pakedfe@diigo.com,Male,Kinéta,Samoan,Gold,3-Dec-21,7-Feb-17
556,Angelika,McAllen,amcallenff@slideshare.net,Female,Guixi,Sioux,Gold,28-Nov-21,26-Feb-17
557,Liana,Wick,lwickfg@jimdo.com,Female,Uzgen,Sri Lankan,Silver,26-Dec-21,27-Feb-17
558,Olivero,Jorissen,ojorissenfh@ucsd.edu,Male,Dongning,Indonesian,Gold,14-Dec-21,7-Feb-17
559,Zonnya,Sibthorpe,zsibthorpefi@addtoany.com,Female,Lete,Samoan,Silver,14-Dec-21,2-Apr-17
560,Megen,O'Cullen,mocullenfj@about.com,Female,Lavras,Paiute,Gold,13-Dec-21,9-May-17
561,Rosalinda,Milroy,rmilroyfk@wsj.com,Female,Rodnikovskaya,Taiwanese,Gold,12-Dec-21,15-Jun-17
562,Elyse,Heinritz,eheinritzfl@digg.com,Female,Tsotsin-Yurt,Polynesian,Silver,1-Dec-21,6-Feb-17
563,Ingra,Conws,iconwsfm@mediafire.com,Male,Xuancheng,American Indian,GOLD,4-Dec-21,24-Feb-17
564,Tamqrah,Elbourn,telbournfn@yellowpages.com,Female,Telsen,Argentinian,Silver,4-Dec-21,26-Feb-17
565,Pippa,Barg,pbargfo@example.com,Female,Sofádes,Filipino,Silver,13-Dec-21,24-Feb-17
566,Shayna,Haine,shainefp@who.int,Polygender,Hantang,Cheyenne,Silver,21-Dec-21,17-Mar-17
567,Lindsey,Redholes,lredholesfq@dot.gov,Male,‘Amd,Nicaraguan,Silver,4-Dec-21,15-Jun-17
568,Winona,Deamer,wdeamerfr@hc360.com,Female,Urho,Peruvian,GOLD,11-Dec-21,7-Feb-17
569,Leon,Coysh,lcoyshfs@nhs.uk,Male,Luna,Shoshone,Silver,26-Dec-21,6-Feb-17
570,Fern,Ellin,fellinft@newyorker.com,Female,Laguna de Perlas,Pakistani,Silver,26-Dec-21,9-May-17
571,Alfons,Timny,atimnyfu@desdev.cn,Male,Hong’an Chengguanzhen,Central American,Silver,26-Dec-21,24-Feb-17
572,Artie,Ray,arayfv@feedburner.com,Male,Meikeng,Honduran,Gold,3-Dec-21,25-Feb-17
573,Goldy,Cowndley,gcowndleyfw@bandcamp.com,Female,Lidingö,Yakama,Gold,14-Dec-21,2-Apr-17
574,Bendix,MacGown,bmacgownfx@fda.gov,Male,Sumberpinang Satu,Peruvian,Gold,4-Dec-21,20-Jan-17
575,Bartholomeus,Tustin,btustinfy@163.com,Male,São Martinho,Micronesian,Gold,26-Dec-21,2-Apr-17
576,Cletus,Bollins,cbollinsfz@patch.com,Male,Tío Pujio,Guamanian,SILVER,26-Dec-21,8-May-17
577,Farrah,Poolman,fpoolmang0@photobucket.com,Female,Gakovo,Sri Lankan,Gold,10-Dec-21,10-May-17
578,Viviene,MacConnal,vmacconnalg1@salon.com,Female,Kasreman Wetan,Native Hawaiian,GOLD,15-Dec-21,9-May-17
579,Heywood,Burnett,hburnettg2@washingtonpost.com,Male,Shima,Tohono O'Odham,Silver,3-Dec-21,9-May-17
580,Gabie,Sutterby,gsutterbyg3@imageshack.us,Female,Rathwire,Ecuadorian,Silver,13-Dec-21,16-Mar-17
581,Christos,Eagell,ceagellg4@people.com.cn,Male,Wangjiaping,Argentinian,Silver,24-Dec-21,8-Feb-17
582,Alf,Sterrick,asterrickg5@gmpg.org,Male,Garunggang,Navajo,Silver,3-Dec-21,25-Feb-17
583,Alvan,Winterborne,awinterborneg6@wufoo.com,Male,Marseille,Pima,Gold,24-Dec-21,27-May-17
584,Ebenezer,Rustidge,erustidgeg7@nationalgeographic.com,Male,Ginowan,Paraguayan,Silver,25-Dec-21,3-Jan-17
585,Shelby,Jendrassik,sjendrassikg8@yelp.com,Female,Trenton,Salvadoran,Gold,3-Dec-21,9-Feb-17
586,Bran,Leader,bleaderg9@github.com,Male,Biñan,Native Hawaiian,GOLD,22-Dec-21,2-Apr-17
587,Ashleigh,O' Reagan,aoreaganga@reuters.com,Polygender,Guayabal,Panamanian,Silver,26-Dec-21,15-Mar-17
588,Cob,Finnemore,cfinnemoregb@state.gov,Male,Igir-igir,Eskimo,Gold,29-Nov-21,6-Feb-17
589,Herrick,Bugden,hbugdengc@nymag.com,Male,Lianozovo,Laotian,Silver,14-Dec-21,9-May-17
590,Ephrayim,Monier,emoniergd@ocn.ne.jp,Male,Chlewiska,Menominee,Gold,14-Dec-21,20-Jan-17
591,Errick,MacCartair,emaccartairge@dagondesign.com,Male,Tawau,Korean,Gold,3-Dec-21,15-Mar-17
592,Kania,Pawson,kpawsongf@amazon.co.jp,Female,Xijiang,Sioux,SILVER,3-Dec-21,28-May-17
593,Dewie,Cullerne,dcullernegg@t-online.de,Male,Horní Štěpánov,Filipino,Gold,15-Dec-21,16-Mar-17
594,Zebulon,Meneghi,zmeneghigh@nymag.com,Male,Depapre,Ottawa,Gold,26-Dec-21,16-Mar-17
595,Mella,Golledge,mgolledgegi@flavors.me,Female,Modosinal,Filipino,Silver,15-Dec-21,18-Jun-17
596,Milicent,Brace,mbracegj@dell.com,Female,Fushan,Samoan,Gold,21-Dec-21,21-Jan-17
597,Caroljean,Larive,clarivegk@arstechnica.com,Bigender,Xinjiezhen,South American,Silver,2-Dec-21,6-Feb-17
598,Gal,Worsnop,gworsnopgl@github.io,Male,Nueva Gorgona,Thai,Gold,21-Dec-21,16-Jun-17
599,Shaine,Horbart,shorbartgm@deviantart.com,Male,Mońki,Panamanian,GOLD,13-Dec-21,8-May-17
600,Veronika,Dower,vdowergn@jiathis.com,Female,Lincoln,Potawatomi,Gold,13-Dec-21,15-Jun-17
601,Harrietta,Shotter,hshottergo@bing.com,Female,Barra do Piraí,Alaska Native,Silver,8-Dec-21,19-Jan-17
602,Xymenes,Skains,xskainsgp@loc.gov,Male,Xinyu,Peruvian,Silver,26-Dec-21,22-Apr-17
603,Ulrica,Cunnow,ucunnowgq@goo.ne.jp,Female,Sunjia Buzi,Central American,Gold,1-Dec-21,18-Jun-17
604,Velvet,Christou,vchristougr@squidoo.com,Female,Waitara,Micronesian,Silver,26-Dec-21,19-Jan-17
605,Hammad,Danielis,hdanielisgs@jugem.jp,Male,Horrom,Sioux,Gold,1-Dec-21,20-Jan-17
606,Dory,Threadgould,dthreadgouldgt@merriam-webster.com,Female,Niquelândia,Pima,Gold,30-Nov-21,24-Feb-17
607,Arne,Wynrahame,awynrahamegu@sciencedirect.com,Male,Dassun,Shoshone,Silver,22-Dec-21,6-Feb-17
608,Vanessa,Clashe,vclashegv@github.com,Female,Volary,Native Hawaiian and Other Pacific Islander (NHPI),Silver,15-Dec-21,26-Feb-17
609,Julius,Hornung,jhornunggw@about.me,Genderfluid,Dugu,Lumbee,Silver,3-Dec-21,2-Jan-17
610,Bobbie,Lawie,blawiegx@cafepress.com,Female,Kastélli,Pakistani,Silver,26-Dec-21,15-Mar-17
611,Cindie,Chittim,cchittimgy@hud.gov,Female,Kobelyaky,Salvadoran,Gold,3-Dec-21,22-Apr-17
612,Vaughn,Curtayne,vcurtaynegz@istockphoto.com,Male,Dahe,Yaqui,Silver,23-Dec-21,14-Mar-17
613,Nanny,Tuckerman,ntuckermanh0@bloomberg.com,Female,Palermo,American Indian and Alaska Native (AIAN),Silver,27-Dec-21,21-Jun-17
614,Justin,Pennings,jpenningsh1@mapy.cz,Male,Birsa,Native Hawaiian and Other Pacific Islander (NHPI),Silver,27-Dec-21,19-Jan-17
615,Findlay,Barkes,fbarkesh2@pen.io,Genderqueer,Río Tercero,Indonesian,Silver,3-Dec-21,21-Jan-17
616,Sarene,Cayzer,scayzerh3@surveymonkey.com,Genderqueer,Tuzhai,Micronesian,GOLD,14-Dec-21,7-Feb-17
617,Lisabeth,Ryves,lryvesh4@arstechnica.com,Female,Dolgoderevenskoye,Sioux,Silver,11-Dec-21,19-Jan-17
618,Waite,Larvor,wlarvorh5@123-reg.co.uk,Male,Lajkovac,Laotian,SILVER,15-Dec-21,6-Feb-17
619,Logan,Rey,lreyh6@wikia.com,Polygender,Gračec,Chippewa,Gold,15-Dec-21,23-Apr-17
620,Caryl,Balentyne,cbalentyneh7@apple.com,Female,Outeiro,Osage,Gold,26-Dec-21,14-Jun-17
621,Merry,Parres,mparresh8@newyorker.com,Male,Xinyan,Guatemalan,Gold,12-Dec-21,28-May-17
622,Barb,Maskelyne,bmaskelyneh9@purevolume.com,Female,Mbaïki,Shoshone,Gold,3-Dec-21,14-Jun-17
623,Dorothy,Royste,droysteha@hhs.gov,Female,Shitan,Alaskan Athabascan,Silver,4-Dec-21,13-May-17
624,Channa,Virgin,cvirginhb@twitpic.com,Female,Kadubamban,Cherokee,Silver,2-Dec-21,27-May-17
625,Siegfried,Chilver,schilverhc@indiegogo.com,Male,Dālbandīn,Pueblo,Gold,26-Dec-21,24-Feb-17
626,Rick,Moncur,rmoncurhd@globo.com,Male,Myaydo,Tlingit-Haida,Gold,20-Dec-21,20-Apr-17
627,Amandi,Jensen,ajensenhe@ted.com,Female,Guinticgan,Korean,Gold,30-Nov-21,15-Jun-17
628,Reiko,Danels,rdanelshf@smugmug.com,Genderfluid,Kota Bharu,Asian,Gold,2-Dec-21,24-Feb-17
629,Craggie,Drysdale,cdrysdalehg@1688.com,Male,Sukorejo,Hmong,Silver,26-Dec-21,7-Feb-17
630,Malena,Monks,mmonkshh@free.fr,Female,Panite,Osage,Gold,30-Nov-21,12-May-17
631,Dorothee,Wildes,dwildeshi@chicagotribune.com,Female,Khlong Hat,Chippewa,Gold,9-Dec-21,27-May-17
632,Brenda,Fillgate,bfillgatehj@europa.eu,Female,Sibinal,Latin American Indian,Gold,2-Dec-21,3-Apr-17
633,Janet,Faux,jfauxhk@nature.com,Female,Sigli,Pueblo,Gold,4-Dec-21,21-Apr-17
634,Allister,Scally,ascallyhl@google.co.jp,Male,Ręczno,Tohono O'Odham,GOLD,27-Dec-21,2-Apr-17
635,Meade,Assender,massenderhm@netscape.com,Non-binary,Santo André,Kiowa,GOLD,4-Dec-21,9-May-17
636,Roobbie,Gavriel,rgavrielhn@g.co,Female,Oleksandrivka,Salvadoran,Gold,3-Dec-21,27-May-17
637,Romeo,Mundee,rmundeeho@smugmug.com,Male,Qingkou,Cambodian,Gold,16-Dec-21,28-May-17
638,Avril,Ledwith,aledwithhp@youtu.be,Female,Zhouxi,Chilean,Silver,26-Dec-21,20-Apr-17
639,Madelena,Youtead,myouteadhq@statcounter.com,Female,Baojia,Tlingit-Haida,Silver,12-Dec-21,2-Jan-17
640,Dell,Beringer,dberingerhr@marketwatch.com,Female,Poroçan,Pakistani,SILVER,12-Dec-21,21-Apr-17
641,Jenna,Linzee,jlinzeehs@google.es,Female,Spirit River,Aleut,Gold,15-Dec-21,14-Mar-17
642,Gilda,Bentz,gbentzht@storify.com,Female,Papër,Japanese,Silver,27-Nov-21,22-Apr-17
643,Beckie,Semper,bsemperhu@npr.org,Female,Tarangnan,Chippewa,GOLD,13-Dec-21,21-Jan-17
644,Ara,Salerg,asalerghv@sakura.ne.jp,Male,Goshogawara,Puerto Rican,Silver,26-Dec-21,24-Apr-17
645,Quintana,Reggler,qregglerhw@jugem.jp,Female,Belo Oriente,Nicaraguan,Silver,15-Dec-21,15-Jun-17
646,Noemi,Abrahams,nabrahamshx@elpais.com,Female,Danyang,Vietnamese,Silver,13-Dec-21,28-May-17
647,Elsy,Di Claudio,ediclaudiohy@accuweather.com,Female,Shawnee Mission,Nicaraguan,Silver,23-Dec-21,8-May-17
648,Ax,Stonebanks,astonebankshz@weibo.com,Male,New Orleans,Puget Sound Salish,Gold,3-Dec-21,16-Mar-17
649,Judah,Pregel,jpregeli0@desdev.cn,Male,Břasy,Yuman,Gold,4-Dec-21,24-Feb-17
650,Manuel,Lampens,mlampensi1@bloglines.com,Male,Al Qadarif,Latin American Indian,Silver,23-Dec-21,2-Jan-17
651,Del,O'Crowley,docrowleyi2@tumblr.com,Female,Xiaotao,Paiute,Gold,13-Dec-21,20-Jan-17
652,Fletcher,Santorini,fsantorinii3@digg.com,Male,Qabaqçöl,Latin American Indian,Gold,4-Dec-21,18-Jun-17
653,Kelvin,Venes,kvenesi4@mozilla.com,Male,Lanling,Yuman,Gold,26-Dec-21,23-Apr-17
654,Paulita,Scarse,pscarsei5@umn.edu,Polygender,Bungoma,Central American,Silver,10-Dec-21,15-Jun-17
655,Nora,Pretsell,npretselli6@ucsd.edu,Female,Niedercorn,Alaskan Athabascan,Gold,24-Dec-21,21-Apr-17
656,Deva,Raffan,draffani7@godaddy.com,Female,Ruangwa,Delaware,Silver,26-Dec-21,8-May-17
657,Audie,Meecher,ameecheri8@bloglines.com,Female,Caidian,Dominican (Dominican Republic),Silver,26-Dec-21,15-Jun-17
658,Rivi,Spykins,rspykinsi9@china.com.cn,Female,Chalon-sur-Saône,Guatemalan,Silver,24-Dec-21,15-Mar-17
659,Obediah,Tyers,otyersia@yahoo.co.jp,Male,Paitan Norte,Guamanian,GOLD,27-Nov-21,20-Jan-17
660,Darlene,Cracie,dcracieib@illinois.edu,Female,Pingdu,Alaskan Athabascan,Gold,3-Dec-21,10-May-17
661,Porty,Doohan,pdoohanic@soup.io,Male,Xianglan,Taiwanese,Silver,1-Dec-21,24-Feb-17
662,Lian,Mattiazzi,lmattiazziid@redcross.org,Female,Maintang,American Indian and Alaska Native (AIAN),Silver,1-Dec-21,27-May-17
663,Rina,Penella,rpenellaie@friendfeed.com,Female,Pingshi,Fijian,Silver,4-Dec-21,2-Apr-17
664,Aigneis,Quernel,aquernelif@bbc.co.uk,Female,Vogar,Pueblo,Silver,24-Dec-21,2-Apr-17
665,Tate,Raimbauld,traimbauldig@usa.gov,Non-binary,Fumin,Menominee,Silver,13-Dec-21,8-May-17
666,Amble,Sommerlin,asommerlinih@nasa.gov,Male,Dos Quebradas,Delaware,Silver,26-Dec-21,9-May-17
667,Lefty,Cameron,lcameronii@clickbank.net,Male,Bilar,Colombian,Silver,11-Dec-21,16-Mar-17
668,Winnie,Rockliffe,wrockliffeij@github.io,Male,Tønsberg,Fijian,Gold,12-Dec-21,2-Apr-17
669,Trumann,Duran,tduranik@last.fm,Male,Kushnytsya,Guatemalan,Silver,3-Dec-21,7-Feb-17
670,Kala,Aldham,kaldhamil@pagesperso-orange.fr,Female,Volovo,Mexican,Gold,26-Dec-21,2-Apr-17
671,Oren,Boullin,oboullinim@dropbox.com,Male,Sol’-Iletsk,Eskimo,Gold,4-Dec-21,9-May-17
672,Lancelot,Asel,laselin@wunderground.com,Male,Mauren,Pueblo,Gold,14-Dec-21,22-Apr-17
673,Boote,Antoshin,bantoshinio@eepurl.com,Male,Lysyanka,Micronesian,Silver,14-Dec-21,27-May-17
674,Bengt,Caw,bcawip@npr.org,Male,Kibuku,Yakama,SILVER,4-Dec-21,15-Mar-17
675,Kelvin,Greaterex,kgreaterexiq@webnode.com,Male,Shuanghe,Chinese,GOLD,26-Dec-21,15-Mar-17
676,Leslie,Hawksworth,lhawksworthir@bloomberg.com,Male,Farsta,Malaysian,Gold,26-Dec-21,28-Feb-17
677,Umberto,Beaglehole,ubeagleholeis@rambler.ru,Male,Yonghe,Colville,Gold,4-Dec-21,9-May-17
678,Branden,Reddoch,breddochit@unc.edu,Male,Cotonou,Cheyenne,Silver,17-Dec-21,29-May-17
679,Thomasa,Tribell,ttribelliu@oakley.com,Female,Rengo,Menominee,Gold,14-Dec-21,7-Feb-17
680,Aggie,Pinyon,apinyoniv@yahoo.co.jp,Female,Batawa,Cuban,GOLD,14-Dec-21,27-May-17
681,Bibby,Kingdom,bkingdomiw@joomla.org,Female,Horní Počaply,Black or African American,Silver,24-Dec-21,21-Jan-17
682,Berget,Ferrini,bferriniix@theatlantic.com,Agender,Pinhão,Ute,SILVER,2-Dec-21,28-May-17
683,Caressa,Bruyet,cbruyetiy@sitemeter.com,Female,El Rosario,Menominee,Gold,26-Dec-21,7-Feb-17
684,Doria,Warbys,dwarbysiz@cam.ac.uk,Female,Yujia,American Indian and Alaska Native (AIAN),Gold,4-Dec-21,28-May-17
685,Cari,Ecclestone,cecclestonej0@nyu.edu,Female,Linjiang,Guamanian,Gold,3-Dec-21,7-Feb-17
686,Bryce,Redhole,bredholej1@xrea.com,Male,Juazeiro do Norte,American Indian and Alaska Native (AIAN),Silver,15-Dec-21,24-Apr-17
687,Harriet,Wignall,hwignallj2@posterous.com,Female,Gaohong,Tongan,Gold,4-Dec-21,27-May-17
688,Doloritas,Miklem,dmiklemj3@a8.net,Female,Hobonio,Tlingit-Haida,Gold,13-Dec-21,6-Feb-17
689,Thornton,Twydell,ttwydellj4@naver.com,Male,Mankono,Nicaraguan,Gold,21-Dec-21,20-Jan-17
690,Minni,Pimblotte,mpimblottej5@sitemeter.com,Female,Gala,Asian,Silver,3-Dec-21,4-Apr-17
691,Berkie,Bulluck,bbulluckj6@marriott.com,Male,Anshan,Alaskan Athabascan,Gold,15-Dec-21,6-Feb-17
692,Selig,Grice,sgricej7@webs.com,Male,Hongde,Yaqui,SILVER,24-Dec-21,28-May-17
693,Rockwell,Adnams,radnamsj8@example.com,Male,Welisara,Pakistani,SILVER,2-Dec-21,11-May-17
694,Donnajean,Eliyahu,deliyahuj9@weibo.com,Female,Oefatu,Tongan,Silver,3-Dec-21,3-Apr-17
695,Massimo,Gilardengo,mgilardengoja@illinois.edu,Male,Tanjung,Bolivian,Silver,11-Dec-21,2-Apr-17
696,Lira,Posvner,lposvnerjb@goo.ne.jp,Female,Budapest,Spaniard,Platinum,26-Dec-21,2-Apr-17
697,Alonzo,Itzkin,aitzkinjc@reference.com,Male,Orléans,Panamanian,Gold,4-Dec-21,14-Mar-17
698,Ladonna,Thornborrow,lthornborrowjd@nature.com,Female,Yauca,Pakistani,Gold,2-Dec-21,26-Feb-17
699,Ricca,Maskelyne,rmaskelyneje@netlog.com,Female,Moca,Paraguayan,Gold,27-Dec-21,3-Jan-17
700,Homere,Frederick,hfrederickjf@ucoz.com,Male,Samdrup Jongkhar,Yaqui,Gold,26-Dec-21,22-Jan-17
701,Doll,Martel,dmarteljg@dailymotion.com,Female,Vavozh,Lumbee,SILVER,14-Dec-21,21-Apr-17
702,Carey,Gagan,cgaganjh@xrea.com,Genderfluid,Wedoro,Peruvian,Platinum,4-Dec-21,9-May-17
703,Kimbell,Heinsen,kheinsenji@ihg.com,Male,Paraiso,Fijian,Silver,2-Dec-21,17-Mar-17
704,Sancho,Auld,sauldjj@pen.io,Genderqueer,Bruzual,Native Hawaiian,Silver,13-Dec-21,25-Feb-17
705,Thatcher,Hurring,thurringjk@earthlink.net,Male,Gangmei,Latin American Indian,Silver,26-Dec-21,7-Feb-17
706,Billye,Manes,bmanesjl@rediff.com,Female,Priargunsk,Fijian,Silver,3-Dec-21,14-Jun-17
707,Dave,Kimmings,dkimmingsjm@squarespace.com,Male,Manikchari,Bolivian,Gold,15-Dec-21,20-Jan-17
708,Fifi,Phifer,fphiferjn@dedecms.com,Female,Sujitan,Black or African American,Gold,15-Dec-21,2-Apr-17
709,Willow,Reisenberg,wreisenbergjo@pcworld.com,Female,Shangdu,Aleut,Gold,14-Dec-21,20-Jan-17
710,Cornelia,Blatchford,cblatchfordjp@wsj.com,Female,Curug,Filipino,Silver,10-Dec-21,14-Mar-17
711,Lesly,Yewdell,lyewdelljq@amazon.de,Genderfluid,Takefu,Chinese,Gold,2-Dec-21,28-May-17
712,Rosalia,Ballister,rballisterjr@ameblo.jp,Female,Itaquaquecetuba,Navajo,Silver,26-Dec-21,10-May-17
713,Valentina,Elloy,velloyjs@vistaprint.com,Female,Fengshou,Tohono O'Odham,Silver,26-Dec-21,28-May-17
714,Judye,Theaker,jtheakerjt@nytimes.com,Non-binary,Vegachí,Ottawa,Gold,10-Dec-21,14-Mar-17
715,Chelsae,Danzig,cdanzigju@quantcast.com,Female,Dapeng,Cheyenne,Gold,26-Dec-21,27-May-17
716,Vince,Luckham,vluckhamjv@ustream.tv,Male,Smedjebacken,Pakistani,Gold,15-Dec-21,24-Feb-17
717,Jazmin,Whilde,jwhildejw@cnbc.com,Female,Szynwałd,Yuman,Silver,26-Dec-21,25-Feb-17
718,Madalyn,Faughny,mfaughnyjx@joomla.org,Female,Pirapozinho,Indonesian,Gold,26-Dec-21,27-May-17
719,Marven,Behn,mbehnjy@parallels.com,Non-binary,Montpellier,Houma,Gold,16-Dec-21,16-Jun-17
720,Horatius,Le Fevre,hlefevrejz@google.com.hk,Male,Leifeng,Nicaraguan,Silver,13-Dec-21,28-May-17
721,Janeczka,Watmough,jwatmoughk0@ft.com,Female,Liushi,Mexican,Silver,15-Dec-21,15-Mar-17
722,Denney,Stokoe,dstokoek1@ft.com,Male,Banbalah,Yaqui,Silver,3-Dec-21,2-Apr-17
723,Marv,Slateford,mslatefordk2@ucoz.ru,Male,Ciervo Petiso,Cherokee,Gold,26-Dec-21,6-Feb-17
724,Carolann,Sommerled,csommerledk3@economist.com,Female,Vyksa,Peruvian,Silver,12-Dec-21,22-Apr-17
725,Olenka,Lott,olottk4@bluehost.com,Female,Ancahuasi,Paiute,PLATINUM,21-Dec-21,20-Jun-17
726,Rutledge,Harvey,rharveyk5@woothemes.com,Male,Bornu Yassu,Shoshone,SILVER,29-Nov-21,20-Apr-17
727,Lindi,Pargent,lpargentk6@ted.com,Female,Canala,Chilean,Gold,2-Dec-21,14-Mar-17
728,Martino,Speddin,mspeddink7@reddit.com,Male,Mancogeh,Delaware,GOLD,24-Dec-21,27-May-17
729,Davey,Sowrah,dsowrahk8@free.fr,Male,Beigang,Asian Indian,GOLD,2-Dec-21,9-May-17
730,Randa,Tressler,rtresslerk9@umn.edu,Female,Thị Trấn Bắc Yên,Filipino,Gold,3-Dec-21,20-Jan-17
731,Kippar,Pedycan,kpedycanka@army.mil,Male,Fuyo,Dominican (Dominican Republic),GOLD,28-Dec-21,27-May-17
732,Penny,Wind,pwindkb@google.es,Female,San Patricio,Taiwanese,Gold,26-Dec-21,19-Jan-17
733,Ardyth,Adne,aadnekc@nba.com,Female,Castro,Latin American Indian,Silver,3-Dec-21,24-Feb-17
734,Arnaldo,Bridywater,abridywaterkd@forbes.com,Male,Changshan,American Indian,Silver,13-Dec-21,15-Jun-17
735,Gordie,Rooke,grookeke@blogtalkradio.com,Male,Teculután,Korean,GOLD,27-Dec-21,20-Apr-17
736,Gabbi,Abbey,gabbeykf@cbsnews.com,Female,Älvdalen,Cheyenne,Silver,4-Dec-21,21-Jan-17
737,Venus,Pairpoint,vpairpointkg@smh.com.au,Non-binary,Yuta,Spaniard,Silver,26-Dec-21,20-Apr-17
738,Sig,Clarage,sclaragekh@digg.com,Male,Qinghua,White,Gold,15-Dec-21,22-Apr-17
739,Chloris,Sisley,csisleyki@scientificamerican.com,Female,Port Antonio,Seminole,Gold,26-Dec-21,2-Apr-17
740,Welch,Berthel,wberthelkj@t-online.de,Male,Smyga,Laotian,Silver,4-Dec-21,23-Jan-17
741,Elayne,Beretta,eberettakk@who.int,Female,Atami,Tohono O'Odham,Gold,26-Dec-21,21-Apr-17
742,Amalee,Werny,awernykl@cornell.edu,Female,Maao,Honduran,GOLD,13-Dec-21,23-Apr-17
743,Ceciley,Mangion,cmangionkm@wp.com,Female,Karangpawitan,Ecuadorian,Silver,24-Dec-21,9-May-17
744,Serge,Boydell,sboydellkn@artisteer.com,Male,Freixo de Numão,Black or African American,Silver,4-Dec-21,21-Apr-17
745,Stoddard,Kikke,skikkeko@cocolog-nifty.com,Polygender,Warri,Creek,SILVER,15-Dec-21,4-Apr-17
746,Whit,Ridgewell,wridgewellkp@senate.gov,Male,Cincinnati,Fijian,GOLD,12-Dec-21,6-Apr-17
747,Stacy,Kroger,skrogerkq@hp.com,Female,Lëbushë,Pima,Silver,3-Dec-21,28-May-17
748,Jessalin,Cappineer,jcappineerkr@webmd.com,Female,Menzel Jemil,Osage,GOLD,26-Dec-21,22-Apr-17
749,Victoria,Killingworth,vkillingworthks@state.tx.us,Genderqueer,Smiřice,Yuman,Silver,27-Dec-21,27-May-17
750,Fonsie,Balmforth,fbalmforthkt@dion.ne.jp,Male,Jasieniec,Creek,Gold,4-Dec-21,20-Jan-17
751,Hephzibah,Harkin,hharkinku@creativecommons.org,Female,Trollhättan,Sioux,Silver,3-Dec-21,24-Feb-17
752,Pen,Bereford,pberefordkv@bing.com,Female,Genengan Kulon,Cree,GOLD,26-Dec-21,16-Mar-17
753,Angelica,Rhyme,arhymekw@webnode.com,Female,Yitulihe,Polynesian,Gold,29-Nov-21,5-Jan-17
754,Gardie,Beckers,gbeckerskx@slideshare.net,Male,Reda,Taiwanese,Gold,3-Dec-21,2-Jan-17
755,Vick,Tindall,vtindallky@sphinn.com,Bigender,Florencia,Laotian,Silver,3-Dec-21,14-Mar-17
756,Bevon,Palser,bpalserkz@stumbleupon.com,Male,São Gonçalo do Sapucaí,Micronesian,Silver,1-Dec-21,21-Apr-17
757,Clarie,Punter,cpunterl0@reddit.com,Female,Paris 01,Sioux,Gold,2-Dec-21,17-Mar-17
758,Trumann,Caddan,tcaddanl1@addthis.com,Male,Mat-i,Seminole,Silver,25-Dec-21,2-Apr-17
759,Gerhardt,Nuttey,gnutteyl2@last.fm,Male,Zhongjiapu,American Indian and Alaska Native (AIAN),Gold,30-Nov-21,27-May-17
760,Reena,Libri,rlibril3@usgs.gov,Female,Chashan,Ecuadorian,Silver,13-Dec-21,28-May-17
761,Aubree,Le-Good,alegoodl4@marriott.com,Female,Palcamayo,South American,Silver,22-Dec-21,24-Feb-17
762,Dominick,Soppett,dsoppettl5@unblog.fr,Male,Ivry-sur-Seine,Chamorro,Gold,23-Dec-21,3-Jan-17
763,Amie,Aronowitz,aaronowitzl6@hugedomains.com,Female,Bāgh-e Maīdān,Laotian,GOLD,12-Dec-21,9-May-17
764,Abran,Adamski,aadamskil7@ycombinator.com,Male,Rio Negrinho,Puget Sound Salish,Silver,11-Dec-21,15-Jun-17
765,Waldo,Margetson,wmargetsonl8@npr.org,Male,Padina,Costa Rican,Silver,15-Dec-21,27-May-17
766,Matelda,Porkiss,mporkissl9@canalblog.com,Genderqueer,Jati,Native Hawaiian and Other Pacific Islander (NHPI),Gold,21-Dec-21,24-Jan-17
767,Mathe,Whatmough,mwhatmoughla@cnn.com,Male,Camden,Laotian,Gold,2-Dec-21,25-Feb-17
768,Joellen,McPeck,jmcpecklb@github.io,Female,Gambang,Pakistani,Gold,13-Dec-21,11-May-17
769,Marlin,Pharo,mpharolc@amazon.de,Male,Hutou,Polynesian,Gold,8-Dec-21,16-Mar-17
770,Antonio,Tison,atisonld@devhub.com,Male,Радишани,Honduran,Gold,15-Dec-21,16-Jun-17
771,Goldia,Abson,gabsonle@mozilla.org,Female,Dioila,Samoan,Silver,3-Dec-21,8-May-17
772,Jenine,Tremblet,jtrembletlf@instagram.com,Female,Xincheng Chengguanzhen,Guatemalan,GOLD,3-Dec-21,21-Apr-17
773,Wilden,Griniov,wgriniovlg@booking.com,Male,Medellin,Yuman,GOLD,24-Dec-21,19-Jan-17
774,Kelwin,Jerisch,kjerischlh@yellowpages.com,Male,Tsil’na,Pima,Silver,3-Dec-21,19-Jan-17
775,Earl,Eliot,eeliotli@sogou.com,Agender,Singkup,Cree,SILVER,4-Dec-21,25-Feb-17
776,Mile,Patesel,mpatesellj@networkadvertising.org,Male,Longtan,Menominee,Gold,26-Dec-21,24-Feb-17
777,Codi,Doggett,cdoggettlk@eventbrite.com,Female,Binglincha,Asian Indian,Silver,15-Dec-21,3-Apr-17
778,Eulalie,Gianneschi,egianneschill@topsy.com,Female,Fucha,Cree,Silver,4-Dec-21,2-Apr-17
779,Martita,Fairhurst,mfairhurstlm@ezinearticles.com,Female,Shangdian,Kiowa,Silver,26-Dec-21,19-Jan-17
780,Forester,Lilford,flilfordln@chron.com,Male,Kensington,Cheyenne,Silver,26-Dec-21,10-Feb-17
781,Gabbie,Lake,glakelo@marriott.com,Genderqueer,Paamiut,Venezuelan,GOLD,30-Nov-21,21-Apr-17
782,Yale,Gauford,ygaufordlp@businesswire.com,Male,Abu Dhabi,Taiwanese,Silver,3-Dec-21,20-Jan-17
783,Amber,Farran,afarranlq@arstechnica.com,Female,Visby,Paiute,Silver,15-Dec-21,16-Jun-17
784,Esma,Irnys,eirnyslr@sfgate.com,Female,Neringa,Aleut,Gold,21-Dec-21,21-Apr-17
785,Elissa,Offner,eoffnerls@spotify.com,Female,Burujul,Chippewa,Silver,23-Dec-21,2-Apr-17
786,Conan,Matoshin,cmatoshinlt@shareasale.com,Male,Calçada,Osage,Gold,4-Dec-21,8-May-17
787,Olympe,Baudacci,obaudaccilu@typepad.com,Female,Stockholm,Alaska Native,Gold,4-Dec-21,7-Jan-17
788,Hammad,Branwhite,hbranwhitelv@nationalgeographic.com,Male,Eido,Chickasaw,Gold,26-Nov-21,3-Jan-17
789,Mahmoud,Tupman,mtupmanlw@ft.com,Male,Tarnowskie Góry,Bolivian,Silver,26-Dec-21,16-Mar-17
790,Killy,Greenaway,kgreenawaylx@cdbaby.com,Male,Santa Rita,Cambodian,GOLD,2-Dec-21,4-Apr-17
791,Bellanca,Twitty,btwittyly@loc.gov,Female,Tegina,Spaniard,Gold,3-Dec-21,15-Jun-17
792,Ondrea,Prene,oprenelz@va.gov,Female,Watulumbung,Puget Sound Salish,Silver,14-Dec-21,21-Apr-17
793,Merissa,Easterfield,measterfieldm0@prnewswire.com,Female,Ruse,Sri Lankan,Gold,8-Dec-21,24-Feb-17
794,Graeme,Redmain,gredmainm1@princeton.edu,Male,Lin’an,Pueblo,SILVER,15-Dec-21,21-Jan-17
795,Rickie,Matzke,rmatzkem2@behance.net,Male,San Angelo,Sioux,Silver,15-Dec-21,23-Jan-17
796,Evangelina,Sadlier,esadlierm3@auda.org.au,Female,Hudong,Argentinian,Gold,24-Dec-21,26-Feb-17
797,Kane,Eacott,keacottm4@tamu.edu,Male,Banyliv,Black or African American,GOLD,26-Dec-21,23-Jan-17
798,Magda,Hanstock,mhanstockm5@china.com.cn,Female,Changning,Central American,Gold,4-Dec-21,18-Mar-17
799,Gerek,Bergen,gbergenm6@berkeley.edu,Male,Prosyana,Polynesian,Gold,13-Dec-21,9-May-17
800,Andriana,Danser,adanserm7@msu.edu,Female,Järfälla,Pima,Gold,23-Dec-21,24-Feb-17
801,Johnathon,Stapforth,jstapforthm8@ocn.ne.jp,Male,Freiburg im Breisgau,Yuman,GOLD,13-Dec-21,3-Apr-17
802,Hurley,Matton,hmattonm9@bloglovin.com,Male,Budagovo,Bangladeshi,Silver,9-Dec-21,2-Apr-17
803,Grantham,Hall-Gough,ghallgoughma@livejournal.com,Male,Zmiennica,Delaware,Silver,14-Dec-21,30-May-17
804,Judas,Mullin,jmullinmb@free.fr,Genderqueer,Limanowa,American Indian and Alaska Native (AIAN),Silver,15-Dec-21,24-Jan-17
805,Maureene,Casper,mcaspermc@umich.edu,Female,Dabancheng,White,Silver,14-Dec-21,2-Jan-17
806,Kelsi,Hayto,khaytomd@dedecms.com,Female,Masku,Comanche,Gold,14-Dec-21,21-Apr-17
807,Frasquito,Ackrill,fackrillme@nih.gov,Male,Kalilangan,Houma,Silver,4-Dec-21,21-Jan-17
808,Clarence,Schwand,cschwandmf@pbs.org,Male,Pueblo Nuevo,Shoshone,Silver,4-Dec-21,9-Feb-17
809,Geraldine,Angless,ganglessmg@w3.org,Female,Changpo,White,GOLD,14-Dec-21,11-May-17
810,Arne,de Merida,ademeridamh@godaddy.com,Male,Kapenguria,Micronesian,Gold,27-Dec-21,15-Jun-17
811,Gregoire,Guerin,gguerinmi@w3.org,Male,Khakhea,Peruvian,GOLD,26-Dec-21,26-May-17
812,Roslyn,Birchill,rbirchillmj@paginegialle.it,Female,Hita,Pima,Silver,29-Nov-21,2-Apr-17
813,Henrie,Lindop,hlindopmk@harvard.edu,Female,Longgang,Latin American Indian,GOLD,4-Dec-21,27-May-17
814,Tremain,Glason,tglasonml@pinterest.com,Male,Masku,Osage,Silver,3-Dec-21,7-Feb-17
815,Nike,Schlagtmans,nschlagtmansmm@theglobeandmail.com,Female,Esquipulas,Venezuelan,Silver,11-Dec-21,19-Jan-17
816,Jerrie,Klejin,jklejinmn@ustream.tv,Male,Novosin’kovo,Native Hawaiian,Silver,26-Dec-21,23-Apr-17
817,Annamaria,Lightbown,alightbownmo@independent.co.uk,Female,Ferrol,Melanesian,GOLD,4-Dec-21,29-May-17
818,Wes,Bobasch,wbobaschmp@gmpg.org,Male,Armenta,Thai,Gold,14-Dec-21,9-May-17
819,Joya,Higgan,jhigganmq@bigcartel.com,Female,Sinait,Polynesian,Gold,8-Dec-21,22-Apr-17
820,Dal,Taggett,dtaggettmr@harvard.edu,Male,Brusque,Venezuelan,SILVER,30-Nov-21,15-Jun-17
821,Loralee,Crosthwaite,lcrosthwaitems@youtube.com,Female,Rulong,Asian Indian,Silver,3-Dec-21,2-Apr-17
822,Gherardo,Wholesworth,gwholesworthmt@sourceforge.net,Male,La Victoria,Delaware,Gold,30-Nov-21,9-May-17
823,Kim,Alps,kalpsmu@spiegel.de,Female,Untolovo,South American,SILVER,4-Dec-21,9-May-17
824,Javier,Greyes,jgreyesmv@twitpic.com,Male,Thành Phố Ninh Bình,Comanche,Gold,13-Dec-21,9-May-17
825,Timofei,Kasher,tkashermw@mayoclinic.com,Male,Pesisir,Pueblo,Gold,14-Dec-21,20-Mar-17
826,Trev,Sothern,tsothernmx@auda.org.au,Male,Muang Xay,Yuman,Gold,30-Nov-21,6-Feb-17
827,Rozalin,Mingard,rmingardmy@reuters.com,Female,Amagarapati,Delaware,Gold,3-Dec-21,2-Jan-17
828,Guido,Zoppo,gzoppomz@yandex.ru,Male,Dongluqiao,Aleut,Silver,15-Dec-21,3-Jan-17
829,Leslie,O'Docherty,lodochertyn0@miitbeian.gov.cn,Male,Koniaków,Iroquois,Gold,15-Dec-21,9-May-17
830,Agosto,McKeachie,amckeachien1@examiner.com,Male,Tambarangan,Seminole,Gold,26-Dec-21,3-Jan-17
831,Jessamine,Pactat,jpactatn2@cnn.com,Female,Mirów,Chickasaw,Silver,23-Dec-21,20-Jan-17
832,Ware,Dillingston,wdillingstonn3@cbsnews.com,Male,Ōami,Japanese,GOLD,26-Dec-21,1-Jan-17
833,Alejandrina,Winterson,awintersonn4@wix.com,Genderqueer,Hiji,Fijian,Gold,15-Dec-21,27-May-17
834,Clarey,Odhams,codhamsn5@deviantart.com,Female,Youhao,Puerto Rican,SILVER,26-Dec-21,24-Feb-17
835,Lanny,Jackson,ljacksonn6@auda.org.au,Male,Gagarin,Iroquois,Gold,30-Nov-21,1-Jan-17
836,Lind,Drew,ldrewn7@fc2.com,Male,Zhujiapu,Yuman,Gold,29-Nov-21,24-Feb-17
837,Muffin,Matskevich,mmatskevichn8@spotify.com,Male,Delareyville,Malaysian,Gold,15-Dec-21,28-May-17
838,Adrian,Imlaw,aimlawn9@spiegel.de,Female,Panyarang,Spaniard,Gold,14-Dec-21,26-Feb-17
839,Jeanette,Boddis,jboddisna@dropbox.com,Female,Spas-Zaulok,Laotian,GOLD,4-Dec-21,17-Jun-17
840,Arly,Felce,afelcenb@myspace.com,Female,Dowsk,Taiwanese,Silver,4-Dec-21,21-Apr-17
841,Ferdinanda,Curgenven,fcurgenvennc@globo.com,Female,Kaga Bandoro,Tongan,Gold,29-Nov-21,20-Apr-17
842,Langsdon,Yuranovev,lyuranovevnd@tiny.cc,Male,Brochów,Melanesian,Gold,25-Dec-21,1-Jan-17
843,Wolf,Engelmann,wengelmannne@moonfruit.com,Male,Volgorechensk,Seminole,Silver,15-Dec-21,20-Jan-17
844,Loria,Reimer,lreimernf@elpais.com,Female,Kadipaten,Ecuadorian,Platinum,14-Dec-21,27-May-17
845,Randi,Grogona,rgrogonang@jalbum.net,Male,Ayapel,Delaware,Silver,26-Dec-21,3-Apr-17
846,Roanne,De Ruggiero,rderuggieronh@goodreads.com,Female,Timbaúba,Sioux,Gold,16-Dec-21,27-May-17
847,Valeria,Thoma,vthomani@google.fr,Female,Yanhong,Ute,Gold,19-Dec-21,9-Feb-17
848,Garnet,Rosenkrantz,grosenkrantznj@loc.gov,Female,Três Lagoas,South American,Silver,12-Dec-21,11-May-17
849,Tedda,Sapena,tsapenank@nhs.uk,Female,Ad Dabbah,Chilean,Gold,26-Dec-21,19-Mar-17
850,Ginny,Ireson,giresonnl@nhs.uk,Female,Gaopai,Pakistani,SILVER,23-Dec-21,16-Jun-17
851,Ibrahim,Spikeings,ispikeingsnm@t.co,Male,La Esmeralda,Osage,Gold,24-Dec-21,18-Mar-17
852,Briney,Pigram,bpigramnn@issuu.com,Female,Pavlysh,Yakama,GOLD,25-Dec-21,2-Jan-17
853,Leo,Bader,lbaderno@taobao.com,Male,Chengzhai,Hmong,SILVER,15-Dec-21,9-May-17
854,Elbertine,Elkington,eelkingtonnp@cbsnews.com,Female,Ngulahan,Costa Rican,Gold,3-Dec-21,15-Mar-17
855,Godfree,Andries,gandriesnq@booking.com,Male,Tatarsk,Comanche,Gold,30-Nov-21,27-Feb-17
856,Raddy,Hufton,rhuftonnr@house.gov,Male,Daying,Tlingit-Haida,Silver,28-Dec-21,16-Mar-17
857,Nadean,Boorman,nboormanns@photobucket.com,Female,Muaralembu,Argentinian,Gold,12-Dec-21,22-Apr-17
858,Rodolph,Brasseur,rbrasseurnt@msn.com,Male,Perlez,Puget Sound Salish,Silver,4-Dec-21,21-Jan-17
859,Adriano,Maddinon,amaddinonnu@goo.ne.jp,Male,Eldoret,Asian Indian,Silver,15-Dec-21,28-May-17
860,Melvyn,Bachshell,mbachshellnv@state.gov,Male,Tangwāni,Chickasaw,Gold,2-Dec-21,6-Feb-17
861,Abbot,Lillegard,alillegardnw@nifty.com,Male,Dongtai,Navajo,Silver,27-Dec-21,3-Jan-17
862,Cirillo,Sandle,csandlenx@123-reg.co.uk,Male,Kimaam,Cree,Gold,18-Dec-21,20-Apr-17
863,Ryley,Stores,rstoresny@pbs.org,Genderfluid,Banjar Ambengan,Argentinian,Gold,3-Dec-21,21-Apr-17
864,Remy,Tewes,rtewesnz@mac.com,Female,Casuguran,Delaware,Silver,14-Dec-21,27-May-17
865,Zaccaria,Ralfe,zralfeo0@accuweather.com,Male,Bayramaly,Navajo,Gold,14-Dec-21,20-Apr-17
866,Wallis,Riddett,wriddetto1@hud.gov,Male,Karanglincak,Chinese,Gold,4-Dec-21,6-Feb-17
867,Axel,Caw,acawo2@dyndns.org,Male,Antas,Yaqui,Gold,14-Dec-21,3-Apr-17
868,Lindy,Brookshaw,lbrookshawo3@typepad.com,Male,Sanzao,Thai,Silver,2-Dec-21,2-Jan-17
869,Sandor,Dundredge,sdundredgeo4@youtube.com,Male,Prata,Dominican (Dominican Republic),Silver,26-Dec-21,2-Jan-17
870,Torry,Camoys,tcamoyso5@altervista.org,Male,Shawnee Mission,Native Hawaiian,Silver,11-Dec-21,7-Feb-17
871,Tiphany,Aylwin,taylwino6@free.fr,Female,Kaesŏng,Paraguayan,Platinum,15-Dec-21,8-May-17
872,Carmel,Gehrels,cgehrelso7@sitemeter.com,Female,Bishan,Cree,Silver,30-Nov-21,10-Feb-17
873,Pembroke,Cobon,pcobono8@cbc.ca,Male,Honolulu,Spaniard,Silver,30-Dec-21,7-Feb-17
874,Jerrome,Elleton,jelletono9@dmoz.org,Male,Santa Cruz,Alaskan Athabascan,Silver,9-Dec-21,27-May-17
875,Janela,Mardle,jmardleoa@google.co.jp,Female,Shaxi,Yaqui,Gold,26-Dec-21,20-Jan-17
876,Katrinka,Akaster,kakasterob@fda.gov,Female,Monte Azul Paulista,Asian,GOLD,15-Dec-21,19-Jan-17
877,Sergent,Gledhall,sgledhalloc@cbslocal.com,Male,Kuala Lumpur,Bolivian,Gold,23-Dec-21,19-Jan-17
878,Kerry,Sidlow,ksidlowod@purevolume.com,Male,Zebrzydowice,Paraguayan,GOLD,4-Dec-21,14-Mar-17
879,Averell,Tellenbach,atellenbachoe@wp.com,Male,La Vega,Filipino,Platinum,26-Dec-21,14-Mar-17
880,Alexa,Cordeau],acordeauof@ning.com,Female,Mazatenango,Asian Indian,SILVER,14-Dec-21,3-Apr-17
881,Yuma,Showt,yshowtog@nationalgeographic.com,Male,Hongshi,Chilean,Silver,11-Dec-21,6-Feb-17
882,Clair,Selly,csellyoh@booking.com,Female,Kurba,White,Silver,12-Dec-21,27-Feb-17
883,Dirk,Read,dreadoi@so-net.ne.jp,Male,El Calvario,Seminole,GOLD,4-Dec-21,26-May-17
884,Thorny,Doward,tdowardoj@webmd.com,Male,Valašská Bystřice,Asian Indian,Platinum,30-Nov-21,30-May-17
885,Marlie,Tootin,mtootinok@topsy.com,Female,Zharkovskiy,Houma,SILVER,13-Dec-21,9-May-17
886,Hi,Toffoloni,htoffoloniol@ustream.tv,Male,Birmingham,Chinese,Platinum,14-Dec-21,27-May-17
887,Evania,Greenman,egreenmanom@house.gov,Female,Qingshuitang,Hmong,SILVER,4-Dec-21,21-Apr-17
888,Neysa,McCord,nmccordon@sciencedirect.com,Female,Huangnaihai,Yuman,Silver,26-Dec-21,9-May-17
889,Devina,Hun,dhunoo@weebly.com,Female,Åhus,Thai,GOLD,8-Dec-21,20-Apr-17
890,Sydelle,Charlo,scharloop@mail.ru,Female,Margara,Alaskan Athabascan,Silver,3-Dec-21,15-Mar-17
891,Theo,Crollman,tcrollmanoq@moonfruit.com,Male,Kohila,Polynesian,GOLD,12-Dec-21,6-Jan-17
892,Mechelle,Featherstonhalgh,mfeatherstonhalghor@goo.gl,Female,Bor,Taiwanese,Gold,26-Dec-21,3-Apr-17
893,Romola,Ullrich,rullrichos@google.ca,Female,Cikeusal,Crow,Gold,25-Dec-21,9-Feb-17
894,Keeley,Klima,kklimaot@businessinsider.com,Female,Nonsan,Osage,GOLD,16-Dec-21,9-May-17
895,Niki,Redington,nredingtonou@jimdo.com,Male,Bell Ville,Paraguayan,Silver,30-Nov-21,9-May-17
896,Meredith,Pidduck,mpidduckov@acquirethisname.com,Male,Hurghada,Kiowa,GOLD,3-Dec-21,29-May-17
897,Myles,Loyndon,mloyndonow@yelp.com,Male,Kazaure,Seminole,Silver,3-Dec-21,8-May-17
898,Whitney,McMonies,wmcmoniesox@imageshack.us,Female,Khodzha-Maston,Latin American Indian,SILVER,20-Dec-21,26-Feb-17
899,Buck,Ruilton,bruiltonoy@example.com,Male,Inderka,Korean,Silver,24-Dec-21,22-Jan-17
900,Costanza,Sandercock,csandercockoz@techcrunch.com,Female,Sempu,Eskimo,GOLD,4-Dec-21,8-May-17
901,Blakelee,Vamplers,bvamplersp0@state.gov,Female,Druzhny,Seminole,Gold,2-Dec-21,8-May-17
902,Louis,Krzyzanowski,lkrzyzanowskip1@indiatimes.com,Male,La Motte-Servolex,Asian Indian,Silver,13-Dec-21,20-Apr-17
903,Allianora,Snow,asnowp2@bigcartel.com,Female,Bela Vista do Paraíso,Chippewa,Gold,12-Dec-21,5-Jan-17
904,Erick,Collar,ecollarp3@netvibes.com,Male,Jinshan,Comanche,Gold,15-Dec-21,9-May-17
905,Obie,Bangs,obangsp4@flickr.com,Male,Lagasit,Latin American Indian,Silver,16-Dec-21,22-Apr-17
906,Gerhardt,O'Kelly,gokellyp5@hatena.ne.jp,Non-binary,Karano,Chinese,Silver,1-Dec-21,29-May-17
907,Darcy,Toppes,dtoppesp6@artisteer.com,Female,Baofeng,Pueblo,Gold,24-Dec-21,24-Feb-17
908,Darrin,Stanner,dstannerp7@mit.edu,Male,Farriar,Honduran,Gold,27-Nov-21,20-Apr-17
909,Michelle,Hemmingway,mhemmingwayp8@dailymotion.com,Female,Louisville,Black or African American,SILVER,2-Dec-21,24-Feb-17
910,Glynda,Rowes,growesp9@technorati.com,Female,Daxin,Menominee,Silver,7-Dec-21,27-May-17
911,Silvano,Lebang,slebangpa@microsoft.com,Male,Jinhe,Mexican,Silver,1-Dec-21,24-Feb-17
912,Hayes,Yewdell,hyewdellpb@businesswire.com,Male,Hällefors,Latin American Indian,Silver,2-Dec-21,12-May-17
913,Jacky,Cartwright,jcartwrightpc@mail.ru,Male,Bagé,Cherokee,Silver,23-Dec-21,8-Feb-17
914,Haley,Ackland,hacklandpd@pen.io,Female,Dajalorong,Sri Lankan,Silver,22-Dec-21,22-Apr-17
915,Letty,Boakes,lboakespe@dmoz.org,Female,Perushtitsa,Cheyenne,Gold,24-Dec-21,14-Mar-17
916,Justis,Milliken,jmillikenpf@liveinternet.ru,Male,Grabów,Chamorro,SILVER,15-Dec-21,25-Feb-17
917,Kayley,Scorton,kscortonpg@go.com,Female,Heqing,Colville,Gold,13-Dec-21,20-Jan-17
918,Constantino,Copcote,ccopcoteph@vimeo.com,Male,Pedro Leopoldo,Potawatomi,Gold,13-Dec-21,22-Jan-17
919,Betsey,Pert,bpertpi@sohu.com,Female,Mamara,Colville,Silver,26-Dec-21,24-Feb-17
920,Ragnar,Tennison,rtennisonpj@twitpic.com,Male,Guadalupe,Puerto Rican,SILVER,2-Dec-21,17-Jun-17
921,Carrie,Reedie,creediepk@mayoclinic.com,Female,Kresek,Hmong,SILVER,1-Dec-21,25-Feb-17
922,Magda,Moynihan,mmoynihanpl@t.co,Female,Granada,Iroquois,Gold,10-Dec-21,20-Apr-17
923,Joaquin,Langelay,jlangelaypm@tiny.cc,Male,Orekhovo-Borisovo Severnoye,Apache,Silver,21-Dec-21,16-Jun-17
924,Margaretha,Macieiczyk,mmacieiczykpn@ow.ly,Female,Hlybokaye,Paiute,Gold,3-Dec-21,21-Apr-17
925,Dorey,Brymner,dbrymnerpo@japanpost.jp,Female,Tilburg,Costa Rican,Gold,4-Dec-21,28-May-17
926,Desmond,Webster,dwebsterpp@japanpost.jp,Male,Zeewolde,Dominican (Dominican Republic),Silver,1-Dec-21,2-Apr-17
927,Lincoln,Follit,lfollitpq@hubpages.com,Male,Cárdenas,Navajo,Silver,3-Dec-21,25-Feb-17
928,Rose,Biggins,rbigginspr@shutterfly.com,Female,Feilaixia,Aleut,SILVER,12-Dec-21,4-Apr-17
929,Bartlett,Klugman,bklugmanps@nhs.uk,Male,Tacoma,Japanese,Gold,3-Dec-21,25-Feb-17
930,Kimble,Cunnow,kcunnowpt@ow.ly,Male,Hongsi,Chilean,Gold,26-Dec-21,24-Feb-17
931,Nichols,Levee,nleveepu@army.mil,Male,Heqiao,American Indian,Silver,30-Nov-21,26-Feb-17
932,Codi,Portman,cportmanpv@yahoo.com,Male,Celorico de Basto,Black or African American,Silver,4-Dec-21,20-Jan-17
933,Sholom,Grebert,sgrebertpw@flickr.com,Male,Puncaksari,Guatemalan,Silver,13-Dec-21,15-Jun-17
934,Cob,Jereatt,cjereattpx@businesswire.com,Male,Nuyno,Houma,GOLD,12-Dec-21,9-May-17
935,Faustina,Godbold,fgodboldpy@about.me,Female,El Paso,Tohono O'Odham,SILVER,4-Dec-21,14-Mar-17
936,Gregoor,Curryer,gcurryerpz@tamu.edu,Male,Sambungjaya,Puget Sound Salish,Silver,12-Dec-21,9-May-17
937,Darnall,Duinbleton,dduinbletonq0@wisc.edu,Male,Garagoa,White,Gold,13-Dec-21,19-Jan-17
938,Jess,Howsam,jhowsamq1@wikipedia.org,Female,Chengmagang,Osage,Silver,3-Dec-21,28-Feb-17
939,Barnebas,Goodale,bgoodaleq2@cloudflare.com,Male,Longyuanba,Native Hawaiian and Other Pacific Islander (NHPI),Silver,30-Nov-21,2-Apr-17
940,Kylynn,Lanham,klanhamq3@newsvine.com,Female,Zhoukoudian,Choctaw,Silver,13-Dec-21,16-Jun-17
941,Pooh,Skamal,pskamalq4@yandex.ru,Female,Karlskoga,Pakistani,Silver,27-Dec-21,9-May-17
942,Archibald,Tyght,atyghtq5@pcworld.com,Male,Horizonte,Korean,Gold,12-Dec-21,2-Apr-17
943,Solomon,Kinnock,skinnockq6@telegraph.co.uk,Male,Rokytne,Paraguayan,GOLD,26-Dec-21,2-Jan-17
944,Randie,Muckart,rmuckartq7@google.es,Female,Nahiyat Ghammas,Sioux,SILVER,21-Dec-21,25-Feb-17
945,Carrol,Ewells,cewellsq8@uol.com.br,Male,New Hyde Park,Vietnamese,Gold,23-Dec-21,8-May-17
946,Sandy,Nesbit,snesbitq9@tinyurl.com,Male,Wuxi,Filipino,GOLD,14-Dec-21,20-Jan-17
947,Lexi,Kirsch,lkirschqa@gov.uk,Female,Hanting,Pakistani,Silver,4-Dec-21,9-May-17
948,Melania,Friedank,mfriedankqb@homestead.com,Female,Sioux City,Bolivian,Gold,15-Dec-21,6-Feb-17
949,Llewellyn,Shelsher,lshelsherqc@house.gov,Male,Tubualá,Kiowa,Gold,4-Dec-21,9-May-17
950,Jesus,Millwall,jmillwallqd@homestead.com,Male,Zango,Chilean,Gold,9-Dec-21,9-May-17
951,Ernesta,Seally,eseallyqe@harvard.edu,Female,Sadek,Paraguayan,Silver,26-Dec-21,3-Jan-17
952,Sile,Hedin,shedinqf@google.com.hk,Female,Youghal,Venezuelan,GOLD,2-Dec-21,8-May-17
953,Abby,Linstead,alinsteadqg@ucoz.com,Female,Laifang,Native Hawaiian,Silver,12-Dec-21,21-Apr-17
954,Artemis,Sollon,asollonqh@cafepress.com,Male,San Carlos de Bariloche,Salvadoran,SILVER,3-Dec-21,10-May-17
955,Courtenay,Harrop,charropqi@wikimedia.org,Female,Nong Muang Khai,Puerto Rican,Silver,3-Dec-21,15-Jun-17
956,Kelcey,Bonick,kbonickqj@nydailynews.com,Female,Bamencheng,Argentinian,Silver,3-Dec-21,25-Feb-17
957,Rudiger,Schubbert,rschubbertqk@csmonitor.com,Male,Shuitianzhuang,Eskimo,Platinum,4-Dec-21,20-Apr-17
958,Elita,Keig,ekeigql@nbcnews.com,Female,Pindushi,Creek,Gold,30-Nov-21,26-Feb-17
959,Devlin,Le Borgne,dleborgneqm@google.co.jp,Male,Sinŭiju,Bolivian,SILVER,26-Dec-21,21-Jan-17
960,Bayard,Bilbrey,bbilbreyqn@exblog.jp,Male,Lallayug,Yuman,Gold,2-Dec-21,2-Jan-17
961,Cristian,Kenealy,ckenealyqo@jiathis.com,Male,Vostryakovo,Yaqui,SILVER,3-Dec-21,7-Feb-17
962,Simone,Turneux,sturneuxqp@utexas.edu,Male,Meijiahe,American Indian and Alaska Native (AIAN),Gold,26-Dec-21,6-Feb-17
963,Iggy,Norree,inorreeqq@google.es,Male,Stockholm,Guamanian,Silver,24-Dec-21,27-May-17
964,Audra,Gritland,agritlandqr@mtv.com,Female,Episkopí,Polynesian,Gold,23-Dec-21,23-Apr-17
965,Coop,Devany,cdevanyqs@google.it,Male,Tamanan,Paraguayan,Silver,22-Dec-21,28-May-17
966,Jethro,Mixer,jmixerqt@scribd.com,Genderqueer,Shenglilu,Vietnamese,Silver,26-Dec-21,9-May-17
967,Vivienne,MacParlan,vmacparlanqu@mac.com,Female,Parintins,Asian Indian,PLATINUM,3-Dec-21,20-Apr-17
968,Fee,Lainge,flaingeqv@mtv.com,Male,Libato,Houma,Silver,7-Dec-21,18-Mar-17
969,Jewel,Obispo,jobispoqw@umich.edu,Female,Thị Trấn Ngan Dừa,Creek,Gold,30-Nov-21,24-Feb-17
970,Elvera,Issacoff,eissacoffqx@nature.com,Female,Jishan,Hmong,Gold,14-Dec-21,27-May-17
971,Lionel,Seakings,lseakingsqy@elpais.com,Male,Losari,Yakama,SILVER,3-Dec-21,20-Apr-17
972,Gilli,Kolodziejski,gkolodziejskiqz@dropbox.com,Female,Kitwe,Peruvian,Silver,29-Nov-21,16-Mar-17
973,Clemmy,Wixey,cwixeyr0@a8.net,Female,La Roxas,Panamanian,Silver,26-Dec-21,6-Feb-17
974,Jarid,Laverenz,jlaverenzr1@wikipedia.org,Male,Lidong,Black or African American,Gold,14-Dec-21,15-Jun-17
975,Chas,Waiting,cwaitingr2@yellowbook.com,Male,Dingjia,White,Silver,26-Dec-21,14-Jun-17
976,Tybalt,Jeandon,tjeandonr3@digg.com,Male,Rancaranji,Apache,Silver,12-Dec-21,27-May-17
977,Farlay,Rabjohn,frabjohnr4@omniture.com,Male,Bené Beraq,Blackfeet,Silver,27-Dec-21,15-Mar-17
978,Burtie,Itzak,bitzakr5@lycos.com,Male,Kaminoyama,American Indian and Alaska Native (AIAN),GOLD,26-Dec-21,14-Jun-17
979,Blisse,Kesby,bkesbyr6@sfgate.com,Female,"Palmas De Gran Canaria, Las",Central American,Platinum,14-Dec-21,6-Feb-17
980,Scot,Mellings,smellingsr7@paypal.com,Male,Dagsar,Cheyenne,Silver,16-Dec-21,21-Apr-17
981,Kristien,Playdon,kplaydonr8@xinhuanet.com,Female,Onan Ganjang Satu,Comanche,Gold,26-Dec-21,20-Jan-17
982,Benni,Huguenet,bhuguenetr9@merriam-webster.com,Genderfluid,Tuchoměřice,American Indian and Alaska Native (AIAN),Gold,14-Dec-21,20-Jan-17
983,Darnall,O'Luby,dolubyra@cisco.com,Male,Chartres,Asian Indian,Gold,14-Dec-21,3-Apr-17
984,Dael,Waulker,dwaulkerrb@elpais.com,Non-binary,Wangunsari,Tongan,Silver,14-Dec-21,14-Mar-17
985,Abe,Heyfield,aheyfieldrc@t-online.de,Male,Bamban,Houma,Silver,7-Dec-21,16-Mar-17
986,Michaella,Tithacott,mtithacottrd@newsvine.com,Female,Coasa,Peruvian,Silver,4-Dec-21,1-Jan-17
987,Dorothee,Yesinin,dyesininre@csmonitor.com,Female,Narol,Indonesian,Gold,3-Dec-21,17-Mar-17
988,Norris,Gerretsen,ngerretsenrf@harvard.edu,Male,Barubandung,Creek,Gold,26-Dec-21,28-May-17
989,Gail,Lempertz,glempertzrg@nationalgeographic.com,Female,Zolotonosha,Japanese,Gold,26-Dec-21,25-Feb-17
990,Rodd,Prettejohns,rprettejohnsrh@narod.ru,Male,Kangar,Delaware,Gold,3-Dec-21,6-Feb-17
991,Carola,Bank,cbankri@newyorker.com,Female,Josefina,Apache,GOLD,12-Dec-21,21-Apr-17
992,Woodrow,Pentycross,wpentycrossrj@oaic.gov.au,Male,Antipolo,Apache,Silver,15-Dec-21,8-May-17
993,Urbano,Aldersley,ualdersleyrk@wix.com,Male,Maubeuge,Blackfeet,GOLD,26-Dec-21,28-May-17
994,William,Doulden,wdouldenrl@boston.com,Male,Arauco,Chilean,Silver,22-Dec-21,3-Apr-17
995,Gun,Wallhead,gwallheadrm@timesonline.co.uk,Male,San Antonio,Nicaraguan,Silver,4-Dec-21,2-Apr-17
996,Kendal,Cuddehy,kcuddehyrn@google.fr,Male,Hammarö,Shoshone,Gold,26-Dec-21,2-Apr-17
997,Morna,Lepere,mleperero@facebook.com,Female,Lekaj,Crow,Platinum,11-Dec-21,2-Jan-17
998,Marta,Budgey,mbudgeyrp@linkedin.com,Female,Předměřice nad Labem,Kiowa,PLATINUM,3-Dec-21,27-May-17
999,Jeralee,Grisdale,jgrisdalerq@tinyurl.com,Female,Alcanhões,Bangladeshi,Silver,26-Dec-21,20-Jan-17
1000,Tremayne,Ralton,traltonrr@va.gov,Male,Pilpichaca,South American,Gold,26-Dec-21,14-Jun-17
